:020000040800F2
:10000000F07501205D020008D7440008C1330008E4
:10001000D5440008D10500087D5300080000000009
:100020000000000000000000000000009D0100082A
:10003000C706000800000000F90100083D4700085D
:1000400077020008770200087702000877020008AC
:10005000770200087702000877020008770200089C
:10006000770200087702000877020008770200088C
:10007000770200087702000877020008770200087C
:10008000770200087702000877020008770200086C
:10009000770200087702000877020008770200085C
:1000A000770200087702000877020008770200084C
:1000B00011480008554800089948000877020008D0
:1000C00077020008770200087702000875450008EB
:1000D00077020008695300087702000877020008D9
:1000E000DD0600087702000877020008BD49000815
:1000F000114A0008054A0008770200087702000844
:100100007702000877020008DD480008770200083F
:1001100077020008F54D0008770200082149000821
:100120007702000877020008D5050008E1050008FD
:1001300077020008770200087702000877020008BB
:1001400077020008770200087702000877020008AB
:100150007702000877020008ED0500087702000822
:10016000770200087702000877020008770200088B
:1001700077020008770200087702000800000000FC
:100180007702000877020008DFF80CD000F004F9CD
:1001900000480047516A0008F07501202C4B19688F
:1001A0000868B0E8F04F80F30988BFF36F8F4FF015
:1001B000000080F3118870470000000008480068C4
:1001C000006880F308884FF0000080F3148862B65E
:1001D00061B6BFF34F8FBFF36F8F00DF00BF00BF6B
:1001E00008ED00E0DFF80C00016841F470010160E7
:1001F000704700BF88ED00E0EFF30980BFF36F8F19
:10020000134B1A681EF0100F08BF20ED108A20E96A
:10021000F04F106009B44FF0500080F31188BFF325
:100220004F8FBFF36F8F0AF0F1FB4FF0000080F3A8
:10023000118809BC19680868B0E8F04F1EF0100F6B
:1002400008BFB0EC108A80F30988BFF36F8F704746
:1002500068000020EFF305807047000006488047E3
:1002600006480047FEE7FEE7FEE7FEE7FEE7FEE79B
:10027000FEE7FEE7FEE7FEE7F54700088901000814
:100280002DE9F05F0546002092469B4688460646CB
:10029000814640241BE0284641464746224600F05E
:1002A0006AF853465A46C01A914110D3114618466F
:1002B000224600F051F82D1A67EB01084F462246FE
:1002C0000120002100F048F817EB00094E41201EE4
:1002D000A4F10104DFDC484631462A464346BDE826
:1002E000F09F10B5431A934209D28318881803E08F
:1002F00010F8011D03F8011D521EF9D210BD40EA8D
:1003000001039B0703D009E008C9121F08C0042A93
:10031000FAD203E011F8013B00F8013B521EF9D27A
:1003200010BDD2B201E000F8012B491EFBD270478C
:100330000022F6E710B513460A4604461946FFF7B1
:10034000F0FF204610BD034611F8012B00F8012BE9
:10035000002AF9D118467047202A04DB203A00FA17
:1003600002F1002070479140C2F1200320FA03F30C
:10037000194390407047202A04DB203A21FA02F00A
:100380000021704721FA02F3D040C2F120029140CF
:100390000843194670470000064C074D06E0E06828
:1003A00040F0010394E8070098471034AC42F6D3BC
:1003B000FFF7EEFEB4C80008D4C8000870B58C186A
:1003C00010F8015B15F0070301D110F8013B2A1169
:1003D00006D110F8012B03E010F8016B01F8016B56
:1003E0005B1EF9D12B0705D40023521E0DD401F852
:1003F000013BFAE710F8013BCB1A921C03E013F81B
:10040000015B01F8015B521EF9D5A142D8D300204F
:1004100070BD10B50146886B026C12F0500F05D00C
:10042000026CD20626D500F019FA10BD016C41F419
:100430000071016401688A6812F0405F17D1027E82
:10044000AAB9CA6A12F4700F02D08A6852050ED493
:100450004A6822F020024A60016C21F48071016434
:10046000016CC90403D4016C41F00101016400F086
:10047000F3F910BD806BC26CBDE810400846104710
:1004800010B5806B40210164416C41F0040141646E
:1004900000F0E4F910BD10B5806B00F0DEF910BD7E
:1004A0004A494A6822F440324A604A6843681A431B
:1004B0004A6001684A6822F480724A6001684A68AA
:1004C000036942EA03224A6001684A6822F04072E6
:1004D0004A6001684A6883681A434A6001688A680A
:1004E00022F400628A6001688A68C3681A438A60DD
:1004F000816A6FF07062D14214D001688A6822F07C
:1005000070628A6001688A68836A1A438A60016837
:100510008A6822F040528A6001688A68C36A1A4376
:100520008A6009E001688A6822F070628A60016866
:100530008A6822F040528A6001688A6822F00202CA
:100540008A6001688A68037E42EA43028A6090F802
:10055000201089B101684A6842F400624A6001686B
:100560004A6822F460424A6001684B68426A521E3F
:1005700043EA42324A6004E001684A6822F40062B9
:100580004A600168CA6A22F47002CA620168CB6AD2
:10059000828B521E43EA0252CA6201688A6822F4C0
:1005A00000728A6001688A6890F8303042EA43221B
:1005B0008A6001688A6822F480628A6001688A68B9
:1005C000406942EA802088607047000000230140B3
:1005D000FEE70000014800F0F1BA0000B00F002073
:1005E000014800F0EBBA0000AC060020014800F022
:1005F000E5BA0000101000200168CAB2103A1823B2
:10060000B2FBF3F2064B9B5CC3656FF30901032A4F
:1006100002D9091D816500E08165806D7047000089
:10062000D4BB000810B5014600208A6A8B694FF0E0
:10063000C074002B0ED0B3F5005F1AD062B3012A4C
:100640002AD0022A28D0032A03D1C96AC90100D5B9
:10065000012010BD1AB1012A06D0022AF9D1C96AB7
:10066000C901F6D5012010BDC96AA142FBD1012004
:1006700010BD52B1012A0AD0022A06D0032AF7D1AE
:10068000C96AA142F4D1012010BD012010BDC96A80
:10069000C901FBD5012010BD012010BD30B5046893
:1006A000256825F480252560046863608368402BF5
:1006B00004D0036899600068C26030BD03689A6026
:1006C0000068C16030BD70470021C0EBC00001E090
:1006D00000BF491C8842FBD87047000005480168EC
:1006E000C90405D5811401600348006806F02CBEDA
:1006F00070470000143C01404000002072B6FEE745
:1007000078B50024009490F83C20012A19D00122E9
:1007100080F83C200A680725092A14D90368DE6896
:100720000A3A02EB42029540AE43DE600A788B68DB
:100730000A3A02EB420293400268D5682B43D36029
:1007400011E0022078BD03681E6902EB4202954069
:10075000AE431E610A788B6802EB42029340026846
:1007600015692B4313614A681F25072A13D20368B2
:100770005E6B521E02EB82029540AE435E630A88B6
:1007800093B20A79521E02EB820293400268556BC3
:100790002B43536328E00D2A13D203681E6BD21F2C
:1007A00002EB82029540AE431E630A8893B20A7937
:1007B000D21F02EB820293400268156B2B43136336
:1007C00012E00368DE6A0D3A02EB82029540AE4306
:1007D000DE620A8893B20A790D3A02EB82029340F4
:1007E0000268D56A2B43D362174A184B05689D42AD
:1007F00006D10D68122D03D1556845F4800555606A
:1008000005689D421BD10B68102B01D0112B16D10E
:10081000536843F400035360096810290FD10C4951
:100820000C4A0968B1FBF2F101EB8101490000912A
:1008300002E00099491E009100990029F9D180F841
:100840003C40002078BD0000002301400020014012
:100850005800002040420F0070477047704770B545
:1008600004460026002C03D0206C002510B107E0C0
:10087000012070BD204600F01DF8656484F83C50EE
:10088000206CC00610D4206C20F4885040F0020088
:1008900020642046FFF704FE6564206C20F002000F
:1008A00040F00100206400E0012684F83C5030460E
:1008B00070BD000070B586B00646142101A8FFF790
:1008C00037FD1D493068884234D100251B48016836
:1008D00041F480710160006800F480700090174856
:1008E0001438016841F002010160006800F0020064
:1008F00000900120019003200290039501A9104867
:1009000000F0E6FA104C0F4820606560A560E560D5
:1009100000152061400060618000A0614011E0612D
:1009200025626562204600F031FA08B1FFF7E6FE65
:10093000B463A66306B070BD002001404438024095
:1009400000040240106402406C050020F8B5044623
:100950000023009394F83C00012807D0012084F87C
:100960003C0020688568ED0702D014E00220F8BD45
:10097000856845F0010585604648474D0068B0FB35
:10098000F5F000EB4000009002E00098401E00905F
:1009900000980028F9D120688568ED0503D58568A1
:1009A00025F48075856020688568ED0768D0256C22
:1009B00040F20166B54345F4807525644068400502
:1009C00005D5206C20F4005040F480502064206C49
:1009D000C00404D5606C20F00600606400E063642D
:1009E00084F83C302D4EA36B2D48D863A36B2D4863
:1009F0001864A36B2C48D86423686FF02200186039
:100A00002068436843F0806343602068836843F450
:100A100080738360206813464C300A46A56B0146FC
:100A2000284600F01DFA70682049C00607D02068EB
:100A300088422DD1816811F0405F1CD028E02068E9
:100A400088420FD01A4A904203D1D1F80423D2062B
:100A500008D0184A90421BD1D1F8041301F01F01AD
:100A6000102915D2816811F0405F11D1816841F0E1
:100A7000804181600CE0816841F08041816007E045
:100A8000206C40F010002064606C40F00100606455
:100A90000020F8BD5800002040420F000023014014
:100AA0001304000897040008810400080020014096
:100AB000002101400022014010B50446002C02D064
:100AC000607910B106E0012010BD002020712046A1
:100AD00000F004F801206071002010BD08B5006826
:100AE0000649884208D10648016841F480510160F6
:100AF000006800F48050009008BD00000030024003
:100B0000303802402DE9F0410446A76D00F0D6FAD6
:100B1000054694F835000026022806D0802060653E
:100B200084F834600120BDE8F0812068016821F07C
:100B3000160101602068416921F080014161206C4B
:100B400008B9A06C20B12068016821F0080101609B
:100B50002068016821F0010101600BE000F0AEFAAD
:100B6000401B052806D92020343420620320607001
:100B70002670D8E720680068C007EFD134343F20E2
:100B800094F828108840B86001206070267000201A
:100B9000C9E790F83510022903D080214165012072
:100BA0007047052180F835100068016821F00101C7
:100BB000016000207047406D704700002DE9F84348
:100BC00004464FF00009CDF800906F484FF41651DD
:100BD0000068B0FBF1F7A56D2E6894F85C00082260
:100BE00002FA00F1314210D02068016849070CD5A3
:100BF000016821F00401016094F85C0002FA00F140
:100C0000A960606D40F00100606594F85C104FF0E1
:100C1000010808FA01F0304208D021684969090644
:100C200004D5A860606D40F00200606594F85C1027
:100C300004208840304208D021680968890704D51B
:100C4000A860606D40F00400606594F85C101020AE
:100C50008840304220D02168096809071CD5A86067
:100C60002068016849030CD50068000304D4216C96
:100C700091B1204688470FE0A16C69B120468847B2
:100C80000AE00168C90503D4016821F00801016088
:100C9000216C09B12046884794F85C1020208840D8
:100CA00030424CD021680968C90648D5A86094F83C
:100CB000350005280BD020680168490330D500684D
:100CC000000328D4616C51B32046884737E0206880
:100CD000016821F0160101602068416921F080015E
:100CE0004161206C08B9A06C20B12068016821F036
:100CF0000801016094F85C103F208840A86084F8E7
:100D0000358084F83490216D00293BD001B0204615
:100D1000BDE8F0430847E16B09B1204688470EE083
:100D20000168C90507D4016821F01001016084F849
:100D3000358084F83490E16B09B120468847606DB6
:100D400000281FD0606DC00714D0052084F835003E
:100D50002068016821F0010101600098401C0090AA
:100D6000B84203D820680068C007F6D184F83580FF
:100D700084F83490E16C002904D001B02046BDE82D
:100D8000F0430847BDE8F883580000202DE9F04102
:100D9000044600F093F905465CB1022084F8350062
:100DA000002684F834602068016821F001010160A8
:100DB0000DE00120BDE8F08100F080F9401B05281E
:100DC00005D920206065032084F83500F2E720680B
:100DD0000068C007F0D121680A6820480240D4E9C1
:100DE00001031843D4E903352B43184363691843BF
:100DF000A3691843E3691843236A18431043626ADE
:100E0000042A03D1D4E90B231A4310430860206855
:100E1000406920F00700656A294605430127042937
:100E20000DD1A06A0543E06A48B12046FFF7FAFBFE
:100E300028B14020606584F835700120BAE7206849
:100E400045612046FFF7D8FB94F85C203F21914094
:100E50008160666584F835700020ABE73F8010F054
:100E60002DE9F04104460025A66D94F834000128D0
:100E70000DD0012084F8340094F835700020012F43
:100E800007D084F8340002252846BDE8F08102200E
:100E9000FBE7022784F8357060652046FFF7FEFB0C
:100EA00094F85C103F208840B0602068016841F0F1
:100EB00016010160206C20B12068016841F0080132
:100EC00001602068016841F001010160DCE7000079
:100ED0002DE9F84F0022DFF89C914FF0010803271D
:100EE0004FF00F0C09F1040AA9F1040B08FA02F5FE
:100EF0000B682B40AB426ED10C7904F00304012C3B
:100F000001D0022C15D18668540007FA04FE26EAA7
:100F10000E06D1F80CE00EFA04FE4EEA060EC0F8FA
:100F200008E04468AC430D79C5F3001595402543AE
:100F300045600C79E443A40708D0C568540007FA5B
:100F400004F6B5438E68A6402E43C6600C7904F0C3
:100F50000304022C11D1D40800EB8406356A54072F
:100F6000E40E0CFA04FE25EA0E05D1F810E00EFAA4
:100F700004FE4EEA050EC6F820E00568540007FAA4
:100F800004F6B5430E7906F00306A6402E4306602C
:100F90004C6814F4403F67D0374C256845F48045D1
:100FA0002560246804F480440094344C22F0030546
:100FB0002E19D6F8085894074FEA147E0CFA0EF44E
:100FC000A5432F4CA04201D1002424E02D4CA04287
:100FD00002D101241FE047E02B4CA04201D10224A2
:100FE00019E02A4CA04201D1032414E0284CA0426D
:100FF00001D104240FE0274CA04201D105240AE0CE
:10100000254CA04201D1062405E0244CA04201D188
:10101000072400E0082404FA0EF42C43C6F808481C
:10102000D9F800409C434D68ED0200D51C43C9F837
:101030000040DAF800409C434D68AD0200D51C43E7
:10104000CAF80040DBF800409C434D68AD0300D572
:101050001C43CBF80040074D083D2C689C434E686C
:10106000F60300D51C432C60521C102AFFF43EAF3F
:10107000BDE8F88F083C0140443802400030014090
:10108000000002400004024000080240000C024040
:10109000001002400014024000180240001C0240F0
:1010A0000069084201D00120704700207047002AE3
:1010B00001D08161704709048161704701488068EF
:1010C000704700005C00002090F83C10012912D00D
:1010D000012100F83C1F2421417050F83C1CCA68D3
:1010E00022F00C0242F00402CA602021417000216B
:1010F0000170002070470220704790F83C100129D1
:1011000012D0012100F83C1F2421417050F83C1CF2
:10111000CA6822F00C0242F00802CA602021417025
:1011200000210170002070470220704770B504460E
:10113000002C04D094F83D00002510B10DE00120F2
:1011400070BD84F83C50204603F07EFFE06E08B985
:101150001548E066E16E20468847242084F83D006B
:101160002068C16821F40051C160204603F0F6FFF9
:101170002068016921F4904101612068416921F0F2
:10118000220141612068416941F008014161206804
:10119000C16841F40051C1602564202084F83D00FD
:1011A00084F83E00002070BDE930000870B50446A8
:1011B000002C04D094F83D00002510B106E0012079
:1011C00070BD84F83C50204600F060F9242084F87B
:1011D0003D002068016821F001010160206801687C
:1011E00041F4004101602068016821F40041016080
:1011F00000F050FB4F4B6168994203D84E4988423A
:1012000003D304E04D49884201D2012070BD4C490E
:10121000B0FBF1F12268566826F03F060E43566097
:1012200062689A4201D8491C07E04FF49672514314
:101230004FF47A72B1FBF2F1491C2268166A26F06B
:101240003F06314311626168994210D84900401E3F
:10125000B0FBF1F2521CC2F30B02042A01D20420AB
:1012600022E0B0FBF1F0401CC0F30B001CE0A268D0
:10127000F2B301EBC10303EB0116431EB3FBF6F31C
:101280005B1C43F480431B0549D092B301EBC102C0
:1012900002EB0111401EB0FBF1F0401CC0F30B004B
:1012A00040F4804040F400402168CA694CF6FF7366
:1012B0009A431043C861D4E90710014320680268CB
:1012C00022F0C00211430160D4E903010143206808
:1012D000826848F2FF339A4311438160D4E90510D4
:1012E00001432068C26822F0FF021143C16001E09F
:1012F0000EE016E02068016841F0010101602564FC
:10130000202084F83D00256384F83E50002070BD05
:1013100001EB4106431EB3FBF6F35B1CB3E7012070
:10132000C2E701EB4101401EB0FBF1F0401CC0F3ED
:101330000B00B7E7A086010080841E0000093D0075
:1013400040420F002DE9F84F04468A46154699465B
:10135000DDF82880FFF7B2FE064694F83D0020280D
:1013600002D00220BDE8F88F19230122454920460A
:10137000009602F0ECF808B10220F3E794F83C0084
:10138000012807D0012084F83C0020680168C907C3
:1013900002D005E00220E5E7016841F001010160AB
:1013A0002068016821F400610160212084F83D007B
:1013B000102084F83E00002727646562A4F82A9074
:1013C000608D20853048E0623346424651462046D3
:1013D00002F00EF808B10120C4E720684169806975
:1013E00000903EE032464146204602F041F948B1C5
:1013F000206C042804D12068016841F40071016068
:101400000120AFE7606A216800780861656A6D1C99
:101410006562608D401E6085208D401E80B22085F3
:1014200022685169C94349070BD450B1287810612B
:10143000606A401C6062608D401E6085208D401E89
:10144000208532464146204602F05AF848B1206CC9
:10145000042804D12068016841F400710160012072
:1014600080E7208D0028BDD11F3454F81F0C01687F
:1014700041F4007101602020A077E77767770020B2
:1014800070E70000020010000000FFFF10B586B0FA
:101490000446142101A8FEF74BFF13492068884237
:1014A00020D11248016841F002010160006800F09B
:1014B00002000090C02001901220029001200390B1
:1014C000032004900420059001A90948FFF700FDBE
:1014D00006481030016841F400110160006800F412
:1014E0000010009006B010BD00540040303802409B
:1014F0000004024070B50446002C11D021684CF65F
:10150000CC400860216845F255500860D4E90010CD
:1015100048602168A0688860FFF7D0FD05460CE0B0
:10152000012070BDFFF7CAFD401B312805D9206896
:10153000C068800701D0032070BD2068C0688007A4
:10154000F0D121684AF6AA200860002070BD00682A
:101550004AF6AA2101600020704700000248816815
:1015600002781144816070475C00002010B50B4880
:10157000016841F400710160016841F4806101601B
:10158000016841F480710160032000F09FF80F2092
:1015900000F006F800F050F8002010BD003C0240BA
:1015A00030B587B0054600241E48016841F48071BB
:1015B0000160006800F48070009001A902A800F0AA
:1015C00045F90598A8B100F065F940001649B0FB4F
:1015D000F1F1491E1648154A026040F2E732C26036
:1015E000416004618460846100F0F0FD04461CB138
:1015F00015E000F04FF9E9E70D4800F07FFE0446E2
:101600006CB92D2000F034F8102D07D200222946A5
:101610002D2000F03BF80748056000E0012407B0EA
:10162000204630BD4038024040420F0000200040BC
:10163000701000206000002082B00C48016841F466
:1016400080410160006800F4804001900748001F5D
:10165000016841F080510160006800F08050019005
:1016600000220F21901E02B000F010B84438024052
:10167000002809DB00F01F02012191404009800091
:1016800000F1E020C0F8001170470000F0B40D46F2
:101690000D4B1B68C3F30223C3F10704042C00D9CC
:1016A0000424191D072901D2002300E0DB1E0126B6
:1016B00006FA04F1491E294099409E40761E1640C4
:1016C0003143F0BC03F03EBF0CED00E000F0070139
:1016D000054A10684FF6FF03184040EA012003490D
:1016E00008431060704700000CED00E00000FA05B0
:1016F000704700002DE9F04704460D46002C13D03A
:10170000DFF82891D9F80000EFB200F00700A842F6
:101710000CD289F80070D9F8000000F00700A84248
:1017200004D00120BDE8F0870120FBE72068404E8F
:10173000810712D5400703D5306840F4E05030608F
:101740002078000703D5306840F46040306030688E
:10175000A16820F0F000084330602078C00731D045
:10176000334960680839012808D002280BD00328C3
:1017700009D0096889070BD40120D3E709688903D8
:1017800006D40120CEE70968890101D40120C9E708
:10179000316821F0030101433160FFF78FFC80467F
:1017A00041F2883A07E0FFF789FCA0EB08005045BA
:1017B00001D90320B6E73068616800F00C00B0EB97
:1017C000810FF0D1D9F8000000F00700A84209D934
:1017D00089F80070D9F8000000F00700A84201D095
:1017E00001209FE72078400705D53068E16820F4A4
:1017F000E050084330602078000706D53068216942
:1018000020F4604040EAC100306000F063F83168C5
:10181000084AC1F30311515CC840074908600748F2
:101820000068FFF7BDFE00207CE70000003C02409E
:1018300008380240BCBB00085800002060000020AF
:1018400001490120C8647047000047420F2202602E
:101850000B4A136803F003034360136803F0F003BB
:101860008360136803F4E053C360126802F46042BB
:10187000D20802610348006800F007000860704762
:1018800008380240003C02400148006870470000F0
:101890005800002000B5FFF7F7FF04490968044A23
:1018A000C1F38221515CC84000BD000008380240ED
:1018B000CCBB000800B5FFF7E7FF04490968044AFC
:1018C000C1F34231515CC84000BD000008380240FD
:1018D000CCBB000810B51548006810F00C01144886
:1018E00023D0042921D008291FD1104C241F21689E
:1018F00001F03F022168490208D521680023C1F3A5
:101900008811A1FB0001FEF7BBFC07E02168002362
:10191000C1F38811A1FB0001FEF7B2FC2168C1F3FD
:101920000141491C4900B0FBF1F010BD08380240EC
:101930000024F40010B505480068000605D5FFF73F
:10194000D7FE02498020891C087010BD0C38024067
:101950002DE9F84F0446002C13D02078DFF8A0833F
:10196000C007A8F1040556D008F104000168C1F3CE
:10197000810101290CD00068C0F38100022803D046
:101980000DE00120BDE8F88FD8F80000400206D530
:10199000286880033FD5606870BB0120F2E760686B
:1019A000B0F5803F10D0B0F5A02F12D0286820F4F9
:1019B00080302860286820F4802028606068E0B1CA
:1019C000FFF77CFB064614E0286840F4803028606E
:1019D000F4E7286840F480202860286840F48030CC
:1019E0002860EBE7FFF76AFB801B642801D903201E
:1019F000C8E728688003F5D50DE0FFF75FFB0646D2
:101A000006E0FFF75BFB801B642801D90320B9E7E0
:101A100028688003F5D42078BA4F80074FF000097A
:101A200048D5B748001D016811F00C0F08D00068B8
:101A3000C0F38100022813D1D8F8000040020FD46F
:101A40002868800704D5E068012801D0012099E7C3
:101A50002868216920F0F80040EAC100286029E0E8
:101A6000E068B8B101203860FFF728FB064606E0C1
:101A7000FFF724FB801B022801D9032082E7286896
:101A80008007F5D52868216920F0F80040EAC100F8
:101A900028600FE0C7F80090FFF710FB064606E04D
:101AA000FFF70CFB801B022801D903206AE7286896
:101AB0008007F5D42078000729D5DFF844A29248A2
:101AC00061690AF1700A89B101210160FFF7F6FA34
:101AD000064606E0FFF7F2FA801B022801D9032030
:101AE00050E7DAF800008007F4D510E0C0F8009065
:101AF000FFF7E4FA064606E0FFF7E0FA801B02284B
:101B000001D903203EE7DAF800008007F4D42078FA
:101B1000400778D54FF0000A79483C300068C00093
:101B20000BD477483C30016841F080510160006877
:101B300000F0805000904FF0010ADFF8D0B1DBF8E0
:101B40000000C00514D4DBF8000040F48070CBF82E
:101B50000000FFF7B3FA064606E0FFF7AFFA801B76
:101B6000022801D903200DE7DBF80000C005F4D5F9
:101B7000634EA0686C3601280FD0052812D030685B
:101B800020F001003060306820F004003060A06870
:101B9000F8B1FFF793FA834617E0306840F0010090
:101BA0003060F4E7306840F004003060306840F0A6
:101BB00001003060EBE7FFF781FAA0EB0B0141F287
:101BC0008830814201D90320DCE630688007F2D5F5
:101BD00010E0FFF773FA834609E0FFF76FFAA0EB16
:101BE0000B0141F28830814201D90320CAE63068F6
:101BF0008007F2D4BAF1010F05D141483C300168A9
:101C000021F080510160A069C0B33D49091D0968F8
:101C10004FF0FF36C1F38101022946D0022805D0DA
:101C2000C7F86090FFF74AFA04463AE0C7F86090B8
:101C3000FFF744FA814607E0FFF740FAA0EB0900FE
:101C4000022801D903209DE628688001F4D4D4E954
:101C500007010843616AA26A890106EB520241EA60
:101C60000241084394F82C1040EA0160C8F80000D3
:101C700001203866FFF722FA044607E03DE0FFF74F
:101C80001DFA001B022801D903207BE62868800189
:101C9000F5D532E0FFF712FA001B022801D9032024
:101CA00070E628688001F5D427E0012823D0D8F811
:101CB0000000E26900F4800191421AD1226A00F02A
:101CC0003F01914215D147F6C071626A0140B1EB04
:101CD000821F0ED1A26A00F4403106EB5202B1EB32
:101CE000024F06D194F82C1000F07060B0EB016F39
:101CF00003D0012046E6012044E6002042E6000031
:101D00000438024000004742800E47420070004005
:101D10007047704738B50446206842688168C943F7
:101D20004B060AD5CB0708D1D3435B0605D4216CFB
:101D300001B02046BDE8304008478B0708D4D343A4
:101D40001B0605D4616C01B02046BDE83040084751
:101D50008B0603D54B0601D5CB0551D4D3439B0647
:101D60004ED44B060AD494F85130032B49D0636DFE
:101D700043F004036365C368836800938B0609D44A
:101D8000636D43F00103636583680093036823F088
:101D900040030360C80506D4606D40F0080060652C
:101DA000206880680090606D002829D02068416814
:101DB00021F0E0014160012084F85100900701D436
:101DC000D00722D02068416821F003014160124D04
:101DD000E06C40B10565E06CFEF7DBFE18B1606DAC
:101DE00040F040006065A06C002809D00565A06C3B
:101DF000FEF7CFFE002803D0606D40F04000606524
:101E000038BDC1688068009038BD216F01B02046A0
:101E1000BDE83040084700008145000870B5044621
:101E2000002C09D0606A002540B125616561A5627A
:101E300094F8510040B120E0012070BD6068B0F519
:101E4000827FF4D0E561F2E784F850502D48A06518
:101E50002D48E0652D4820662D4860662D48A06617
:101E60002D48E0662D4820672D486067A06F08B9AF
:101E70002C48A067A16F20468847022084F85100B3
:101E80002068016821F040010160A088218900F4E8
:101E9000827001F404410843A18901F40061084300
:101EA000217C01F002010843217D01F0010108437A
:101EB000218B01F400710843217F01F038010843B0
:101EC00094F8201001F080010843218D01F40051A5
:101ED000084321680860A069042101EA104094F8D1
:101EE000241001F010010843216848602068C1698E
:101EF00021F40061C1616565012084F85100002072
:101F000070BD0000D9200008FD1F0008DD2000087A
:101F1000DB200008FF1F0008DF200008131D000859
:101F2000111D0008291F00082DE9F04387B006465F
:101F3000142102A8FEF7FCF92B493068884250D1E1
:101F400000252A48016841F480510160006800F4CE
:101F50008050019025481438016841F0010101606A
:101F6000006800F0010001902020029002270397F2
:101F70000495012405944FF00508CDF81880DFF88A
:101F8000709002A94846FEF7A3FF802002900397B5
:101F900004940594CDF8188002A94846FEF798FFEE
:101FA000154C144820604FF0C06060604020A06075
:101FB000E560000120616561A561E5618001206245
:101FC00065622046FEF7E2FE08B1FEF797FBB464B7
:101FD000A663002205212320FFF758FB2320FFF7EB
:101FE00047FB07B0BDE8F0830030014044380240B1
:101FF0000000024058640240AC0600207047704761
:102000002DE9F0410446002594F85000012809D03C
:10201000012784F8507094F851000026012804D05C
:1020200002254EE00220BDE8F08189B182B1032093
:1020300084F8510066652163A286E286A663666421
:102040002664A687E687A068B0F5004F02D00BE0B3
:10205000012536E02068016821F040010160206818
:10206000016841F480410160A16C18480864A16CCA
:102070001748C863A16C1748C864A06C0665E38E56
:102080002268216B0C32A06CFEF7EAFE38B1606D5D
:1020900040F010006065012584F8517011E020685F
:1020A0000168490603D4016841F0400101602068DD
:1020B000416841F0200141602068416841F002011F
:1020C000416084F850602846ADE70000AB45000849
:1020D000B14500088D45000870477047704770474C
:1020E00070477047704710B590F83C20012A22D005
:1020F000012280F83C20CA6800238C6822F44072D8
:1021000022434C6822F4806222430C6822F400626D
:1021100022430C6922F4805222434C6922F400527B
:102120002243C96922F480420A4301684A6480F864
:102130003C30002010BD022010BD000070B590F8AA
:102140003C20012A31D0012680F83C60022280F830
:102150003D2002685468936824F070050C682C4395
:102160005460134C0268A24214D0B2F1804F11D0D7
:10217000104CA2420ED0104CA2420BD00F4CA242E7
:1021800008D00F4CA24205D00E4CA24202D00E4CF9
:10219000A24204D123F080034968194391603C3086
:1021A000467000210170002070BD022070BD00004B
:1021B000000001400004004000080040000C004006
:1021C00000040140004001400018004010B50446E2
:1021D000002C03D094F83D0010B10EE0012010BD9A
:1021E000002084F83C00204602F0A0FDA06C08B955
:1021F0000C48A064A16C20468847022084F83D006A
:10220000211D206802F03CFC01203D3460726070AA
:10221000A070E07020716071A071E0712072207078
:10222000002010BD2922000808B500682B4A2C495F
:10223000904208D1086840F001000860086800F08A
:102240000100009008BD264A264B121F984208D173
:10225000106840F020001060106800F0200000902E
:1022600008BD214B984208D1086840F480300860CE
:10227000086800F48030009008BD1C4B984208D1DB
:10228000086840F400300860086800F400300090EE
:1022900008BD174B984208D1086840F480200860B8
:1022A000086800F48020009008BD1249884208D1D7
:1022B000106840F040001060106800F0400000908E
:1022C00008BD0D498842FBD1106840F080001060C5
:1022D000106800F08000009008BD00000000014080
:1022E00044380240001400400040014000440140D6
:1022F0000048014000180040001C004090F83D10CC
:10230000012901D001207047022180F83D100168A9
:10231000CA6842F00102CA6000681449884214D0B9
:10232000B0F1804F11D0124988420ED01149884235
:102330000BD01149884208D01049884205D0104975
:10234000884202D00F49884209D1816801F0070113
:10235000062908D0016841F00101016003E001682D
:1023600041F00101016000207047000000000140C1
:102370000004004000080040000C00400004014040
:10238000004001400018004070B50446002594F854
:102390003C00012817D0012684F83C60022084F814
:1023A0003D002068826822F0770222F47F4282603A
:1023B0000868502838D00DDC202853D005DC90B3B5
:1023C000102811D14EE0022070BD30284AD040289C
:1023D0000AD13DE0602831D070280CD0B0F5805F84
:1023E00003D0B0F5005F12D001253C3466700020A8
:1023F0002070284670BDCB68D1E90121206802F029
:10240000B2FB2068816841F077018160EDE7CB681D
:10241000D1E90121206802F0A6FB2068816841F41F
:1024200080418160E1E71DE0CA684968206802F0E8
:10243000B3FC5021206802F0A0FBD6E7CA684968C7
:10244000206802F0BAFC6021206802F096FBCCE71D
:10245000CA684968206802F09FFC4021206802F0A9
:102460008CFBC2E722680146104602F086FBBCE7FF
:102470002DE9F04104460D46002C03D094F83D00B0
:1024800018B10FE00120BDE8F081002084F83C0085
:10249000204602F04BFC206F08B926482067216FC8
:1024A00020468847022084F83D002068816844F275
:1024B000070291438160211D206802F0E1FA273470
:1024C00054F8270C81688269066A2B680B4340F236
:1024D00003318A43AF69A96842EA0722114340F6F3
:1024E0000C4291434FF2F0029143EF69EA6841EAEE
:1024F00007210A4329692F6A090141EA073111437B
:1025000026F0220222F088066A686D6946EA0515FF
:102510002A43836054F8270C816154F8270C026227
:102520000120E077E0752076E0762077A075002026
:10253000A9E70000392500082DE9F04186B00446DE
:10254000142101A8FDF7F4FE514A21685048103AC1
:102550000224012603254F4B4F4F4FF0000CB1F1E1
:10256000804F21D0DFF8348141454BD1016841F0E3
:1025700002010160006800F002000090106840F065
:1025800002001060106800F00200009030200190FE
:102590000294CDF80CC00495059401A93846FEF7C5
:1025A00097FC06B0BDE8F081016841F001010160CF
:1025B000006800F001000090106840F00100106019
:1025C000106800F001000090106840F002001060F8
:1025D000106800F0020000904FF400400190029457
:1025E00003960495059601A91846FEF771FC08208C
:1025F0000190029403960495059601A93846FEF7CA
:1026000067FCCEE7264FB94224D1016841F00401AE
:102610000160006800F004000090106840F00800BD
:102620001060106800F0080000904FF440500190D6
:102630000294CDF80CC00495059401A91948FEF741
:1026400047FC002205211E20FFF720F81E20FFF77F
:102650000FF8A6E7144FB942A3D1016841F0080171
:102660000160006800F008000090106840F0010070
:102670001060106800F0010000900195029403962C
:102680000495059401A91846FEF722FC89E700008D
:1026900040380240000002400004024000040040B4
:1026A00000080040000C0240000C004070B50446D9
:1026B00014F83E0F6278237965793E3C02260029A2
:1026C00004D004290DD001281CD115E0012801D126
:1026D000012B01D0012070BD84F83E6084F8426077
:1026E00018E0012A01D1012D01D0012070BD84F82C
:1026F0003F6084F843600DE0012A03D1012B01D132
:10270000012D01D0012070BD04F83E6F6670267166
:1027100066713E3C91B1042916D001220021206847
:1027200002F014FA01220421206802F00FFA206856
:10273000016841F001010160002070BD012200210B
:10274000206802F003FAF2E701220421206802F077
:10275000FDF9ECE770477047704770B50446206894
:1027600001694FF00005C943890719D4C168C943FD
:10277000890715D4E91E016101202077206880694E
:10278000800704D0D4F890102046884707E0D4F89A
:10279000981020468847D4F89C1020468847257713
:1027A00020680169C94349071BD4C168C943490767
:1027B00017D46FF00401016102202077206880693E
:1027C00010F4407F04D0D4F890102046884707E0EA
:1027D000D4F8981020468847D4F89C1020468847A3
:1027E000257720680169C94309071AD4C168C9431C
:1027F000090716D46FF008010161042020772068D2
:10280000C069800704D0D4F890102046884707E0BC
:10281000D4F8981020468847D4F89C102046884762
:10282000257720680169C943C9061BD4C168C9431B
:10283000C90617D46FF010010161082020772068C5
:10284000C06910F4407F04D0D4F890102046884727
:1028500007E0D4F8981020468847D4F89C1020460A
:102860008847257720680169C943C90709D1C1682C
:10287000C943C90705D1891E0161D4F880102046DB
:10288000884720680169C94309060AD4C168C94359
:10289000090606D46FF080010161D4F8B01020461B
:1028A000884720680169C94349060AD4C168C943F9
:1028B000490606D46FF040010161D4F88810204623
:1028C000884720680169C94389060CD4C168C94397
:1028D000890608D46FF0200101612046D4F8A810C1
:1028E000BDE87040084770BD70B586B0044614213D
:1028F00001A8FDF71DFD2F4D216800232E4A02245B
:102900002E48A94214D1116841F0100111601168DC
:1029100001F0100100914FF4D4410191029403930E
:1029200004940121059101A9FEF7D2FA06B070BD09
:10293000234E0325B14211D1116841F010011160FD
:10294000116801F01001009160210191029403933C
:102950000493059501A9FEF7BBFAE7E7194E1A485B
:10296000B14211D1116841F002011160116801F00A
:10297000020100918115019102940393049305953E
:1029800001A9FEF7A5FAD1E7104EB142CED11168E8
:1029900041F002011160116801F00201009171150E
:1029A0000191029403930494059501A9FEF790FA0E
:1029B000BCE7000000000140303802400010024037
:1029C0000040014000440140000402400048014032
:1029D00070B50446002594F83C0001280FD0012072
:1029E00084F83C006AB1042A0FD0082A11D00C2ABE
:1029F00013D00125002084F83C00284670BD022039
:102A000070BD206802F0C2F8F4E7206802F0F2F826
:102A1000F0E7206802F028F9ECE7206802F05CF9A2
:102A2000E8E7704710B50446002C03D094F83D0049
:102A300010B10EE0012010BD002084F83C002046BB
:102A400002F074F9A06D08B90C48A065A16D20468C
:102A50008847022084F83D00211D206802F010F80C
:102A600001203D3460726070A070E0702071607170
:102A7000A071E07120722070002010BD812A000832
:102A8000704770B504460D46002694F83C000128B6
:102A90000FD0012084F83C006AB1042A1FD0082A14
:102AA00032D00C2A44D00126002084F83C00304665
:102AB00070BD022070BD2946206802F067F82068CA
:102AC000816941F0080181612068816921F0040178
:102AD0008161206881692A6911438161E4E729469F
:102AE000206802F087F82068816941F40061816103
:102AF0002068816921F480618161206881692A6987
:102B000041EA02218161CFE72946206802F0ACF852
:102B10002068C16941F00801C1612068C16921F0E4
:102B20000401C1612068C1692A691143C161BBE721
:102B30002946206802F0D0F82068C16941F400619C
:102B4000C1612068C16921F48061C1612068C169E7
:102B50002A6941EA0221C161A6E7000010B50446D6
:102B6000002C03D094F83D0010B10EE0012010BD00
:102B7000002084F83C00204602F0D8F8206E08B906
:102B80000C482066216E20468847022084F83D00CC
:102B9000211D206801F074FF01203D3460726070D7
:102BA000A070E07020716071A071E07120722070DF
:102BB000002010BDB92B0008704770477047000017
:102BC00010B50446002909D004290AD008290BD0E1
:102BD00094F8410001280AD0012010BD94F83E006D
:102BE000F8E794F83F00F5E794F84000F2E7022098
:102BF000A9B3042937D0082938D084F8410001222C
:102C0000206801F0A3FF1E4920681E4A884201D0B7
:102C1000904203D1436C43F40043436420688842EC
:102C200013D0B0F1804F10D0174988420DD017490A
:102C300088420AD01649884207D0904205D01549EB
:102C4000884202D01449884213D1816801F00701FB
:102C5000062912D0016841F0010101600DE0FFE793
:102C600084F83E00CBE784F83F00C8E784F84000D2
:102C7000C5E7016841F001010160002010BD0000BE
:102C80000000014000040140000400400008004032
:102C9000000C0040004001400018004030B50446E0
:102CA0000D4600222946206801F050FF184A41F2E3
:102CB000111120688B10904202D0164A904209D11F
:102CC000026A0A4206D1026A1A4203D1426C22F415
:102CD000004242642068026A0A4206D1016A19422F
:102CE00003D1016821F00101016001203DB1042DF3
:102CF00008D0082D09D084F84100002030BD84F8A8
:102D00003E00FAE784F83F00F7E784F84000F4E774
:102D1000000001400004014000680349884201D1DD
:102D2000FEF71CBC70470000002000407047704751
:102D3000704738B5044694F83E00202801D00220A0
:102D400038BD71B16AB194F83C0001280BD0012064
:102D500084F83C002063204602F08AFA014621B143
:102D600007E0012038BD022038BD206B012802D0C9
:102D70000121084638BD206802684068009020683C
:102D80000C3050E8002F42F0100240E80023002BE6
:102D9000F5D1EEE77047704770B5044620680C30F7
:102DA00050E8001F21F4907140E80012002AF5D18C
:102DB0002068143050E8001F21F0010140E80012A3
:102DC000002AF5D1206B012809D120680C3050E889
:102DD000001F21F0100140E80012002AF5D1206800
:102DE00040694FF00005400615D52068143050E8C2
:102DF000001F21F0400140E80012002AF5D1A06B2D
:102E000048B10565A06BFDF77DFE20B1A06BFDF715
:102E1000D2FE202806D0E585202084F83E002563D8
:102E2000002070BD10202064032070BD70477047E3
:102E300070470000F8B5044622681068D1685369ED
:102E400000F00F06002E08D1850606D58D0604D5A4
:102E50002046BDE8F84002F01DB90025002E6AD0DA
:102E600003F0010601F49077374364D0C20705D020
:102E7000CA0503D5226C42F001022264420705D53F
:102E8000DA0703D0226C42F002022264820705D5E1
:102E9000DA0703D0226C42F004022264020707D54D
:102EA00001F02002324303D0226C42F00802226477
:102EB000226C002A3ED0800604D5880602D5204622
:102EC00002F0E8F820684069C0F38010216C09071F
:102ED00000D458B3204602F075F8206840694006D7
:102EE0001ED52068143050E8001F21F0400140E852
:102EF0000012002AF5D1A06B60B15C490165A06B9E
:102F0000FDF747FE002815D0A06B016D01B0BDE8AC
:102F1000F0400847616D01B02046BDE8F040084729
:102F2000616D01B02046BDE8F0400847616D204664
:102F300088472564F8BD236B012B7DD1C3067BD563
:102F4000CB067FD510685068009050694FF0200381
:102F5000400645D5A16B0868406880B20028E9D0DA
:102F6000A28D8242E6D9E085C869B0F5807F2DD078
:102F700020680C3050E8001F21F4807140E80012F6
:102F8000002AF5D12068143050E8001F21F001011B
:102F900040E80012002AF5D12068143050E8001FE4
:102FA00021F0400140E80012002AF5D184F83E30BB
:102FB000256320680C3050E8001F21F0100140E824
:102FC0000012002AF5D1A06BFDF79CFDA08DE18DCC
:102FD000A26E401A81B201B02046BDE8F040104711
:102FE000A08DE18D401A81B2E08D0028A2D0002989
:102FF000A0D020680C3050E8002F22F4907240E8F6
:103000000026002EF5D12068143050E8002F22F061
:10301000010240E80026002EF5D184F83E302563F9
:1030200020680C3050E8002F22F0100240E8002306
:10303000002BF5D1204600E004E0A26E01B0BDE80F
:10304000F0401047020606D50A0604D52046BDE822
:10305000F84002F059B940067FF56CAF4806FBD541
:103060002046BDE8F84001F0D4BF0000994E0008AA
:1030700070B50446002C04D094F83D00002510B132
:103080000DE0012070BD84F83C50204601F0DCFFCB
:10309000E06E08B91348E066E16E204688472420B8
:1030A00084F83D002068C16821F40051C1602046C9
:1030B00002F054F82068016921F490410161206810
:1030C000416921F02A0141612068C16841F4005141
:1030D000C1602564202084F83D0084F83E00002073
:1030E00070BD0000E93000082DE9F04186B00546CA
:1030F000142101A8FDF71CF9464B28684649032214
:103100000026984228D144481030036843F48013C5
:103110000360006800F480100090086840F004002C
:103120000860086800F004000090881401901220E4
:103130000290039604920820059001A93748FDF7F4
:10314000C7FE002205213520FEF7A0FA3520FEF744
:103150008FFA06B0BDE8F081314B9842F9D12E4884
:103160001430036843F010030360006800F010009F
:103170000090086840F001000860086800F0010055
:1031800000904FF4C06001900220029003960492D8
:103190000720059001A92348FDF79AFE234C2248F9
:1031A00020604FF00068C4F80480A660E660071550
:1031B00027616661A661E661F801206266622046C9
:1031C000FDF7E4FD08B1FDF799FAAC63A563164875
:1031D000164C783060342060C4F804804020A06031
:1031E000E66027616661A661E66180022062666230
:1031F0002046FDF7CBFD08B1FDF780FA6C63A563AF
:10320000002205212520FEF741FA2520FEF730FA9D
:103210009FE70000005000403038024000080240A4
:10322000001001400000024040640240B00F002046
:1032300010B50023002A17D090F83C40012C19D07B
:10324000012480F83C4090F83D40202C14D090F8A8
:103250003D4074B3016C41F0200101640123002161
:1032600080F83C10184610BD016C41F0200101644B
:10327000012010BD022010BD0D291DD2DFE801F094
:1032800007090B0D0F1113151C1C1C171A004264A3
:10329000E5E78264E3E7C264E1E70265DFE74265F0
:1032A000DDE78265DBE7C265D9E70266D7E7C2667C
:1032B000D5E707E00267D2E7016C41F02001016425
:1032C0000123CCE70B2907D00C2907D0016C41F072
:1032D000200101640123C2E7C266C0E70267BEE7BE
:1032E0000022002914D090F83C30012B16D0012385
:1032F00080F83C3090F83D30202B11D0016C41F02B
:10330000200101640122002180F83C101046704722
:10331000016C41F0200101640120704702207047D8
:103320008166F0E770477047F7B5044694F83D00B2
:10333000202801D00220FEBD019999B392B394F8E0
:103340003C00012831D0012084F83C002162A28495
:10335000E28400252564212084F83D00636B144835
:10336000D863636B13481864636B1348D864606B4D
:10337000056526681346361D3246606BFDF770FD05
:1033800021686FF04000086084F83C5020681430D9
:1033900050E8001F41F0800140E80012002AF5D1FA
:1033A0000020FEBDFFE70120FBE70220F9E7000057
:1033B000814F0008BF4F0008A54E000870477047B6
:1033C000FEE701684A69D24352050FD46FF4806268
:1033D0004A61002140F8301F202242738173026944
:1033E00042F004020261017301207047002070471F
:1033F000F8B504460D4617461E46E06A082808D070
:10340000012806D010F5803F03D0206B122806D08B
:103410000AE02068016841F48071016004E02068DE
:10342000016841F4807101603B4600224FF00111B8
:103430002046009600F08BF840B120680068C00577
:1034400002D54FF4007020640320F8BD2069B0F568
:10345000804F0FD005F44070F02141EAD010216870
:10346000086133463A460D49204600F0ADF830B1C8
:103470000120F8BD216805F0FE00086102E0216826
:10348000E8B20861054933463A46891F204600F0F4
:103490009BF808B10120F8BD0020F8BD080001002C
:1034A00000B585B014216846FCF742FF4FF4006078
:1034B00000900020019001200290032003906946B3
:1034C0000248FDF705FD05B000BD00000004024004
:1034D00000B585B014216846FCF72AFF4FF4006060
:1034E0000090012001900020029003200390694683
:1034F0000248FDF7EDFC05B000BD000000040240ED
:1035000070B504460D4616460DE02046FFF759FFFC
:1035100008B1012070BD681C05D0FDF7CFFD801BF0
:10352000A84207D835B120684069C0434007ECD4B1
:10353000002070BD002044F8300F20216173A0737B
:10354000216941F0200121612073012070BD2DE926
:10355000F0470446DDF820900E4690461D46C6F31F
:10356000074708E0681C06D0FDF7A8FDA0EB09009E
:10357000A8420FD875B1012F19D02068806926EABA
:1035800000000004000C1DD000204045EAD00020BF
:10359000BDE8F087002044F8300F20216173A0734C
:1035A000216941F02001216120730120F0E72068AA
:1035B000406926EA00000004000C01D00020E4E786
:1035C0000120E2E70120E0E72DE9F04704460E463E
:1035D000154698464FF000094FF0200AC6F30747FA
:1035E00025E020684069C043400517D42068016881
:1035F00041F40071016021686FF480604861C4F893
:10360000309084F83DA084F83E90206C40F0040097
:10361000206484F83C900120BDE8F087681C06D047
:10362000FDF74CFDA0EB0800A8420BD855B1012FC7
:1036300016D02068806926EA00000004000CD0D172
:103640000020E9E7C4F8309084F83DA084F83E906B
:10365000206C40F02000206484F83C900120DBE7DF
:103660002068406926EA00000004000CE8D0B8E7B2
:1036700070B504460D4616460DE02046FFF7A1FE44
:1036800008B1012070BD681C05D0FDF717FD801B37
:10369000A84207D835B120684069C0430006ECD481
:1036A000002070BD002044F8300F20216173A0730A
:1036B000216941F0200121612073012070BD2DE9B5
:1036C000F04106460F4615461C4600F009F9304603
:1036D00000F0D4F800F04EF910B10120BDE8F081FF
:1036E000384600F0CBF800F045F908B10120F5E7C5
:1036F00000F0F6F846F0010000F0C0F800F03AF9EA
:1037000060B10120EAE7012C01D9012000E000208E
:1037100000F07EF805F8010B641EE4B2002CF2D133
:1037200000F002F90020D9E72DE9F04104460F46E8
:1037300015461E4600F0D4F8204600F09FF800F031
:1037400019F910B10120BDE8F081384600F096F873
:1037500000F010F908B10120F5E700240AE0285D27
:1037600000F08CF800F006F918B100F0DDF8012047
:10377000E9E7641CB442F2DB00F0D6F80020E2E78F
:1037800070B5104D4FF48064002221462846FDF7A5
:103790008EFCFFF79DFE002261002846FDF787FCA6
:1037A0000220FCF791FF012221462846FDF77FFC0D
:1037B0000220FCF789FF21462846BDE87040002220
:1037C000FDF775BC0004024070B5104D4FF48064E5
:1037D000002221462846FDF76AFCFFF779FE012208
:1037E000D1022846FDF763FC0220FCF76DFF0122A1
:1037F00021462846FDF75BFC0220FCF765FF2146C9
:103800002846BDE870400022FDF751BC000402408C
:103810002DE9F047804600250024FFF741FE164FB2
:103820004FF480664FF40069002231463846FDF7B8
:103830003EFC0220FCF748FF012231463846FDF7E6
:1038400036FC6006040E49463846FDF729FC08B1EF
:10385000641CE4B20120FCF737FF6D1CEDB2082DAB
:10386000E2D3B8F1000F04D0FFF78AFF2046BDE88D
:10387000F087FFF7A9FFF9E7000402402DE9F041C6
:1038800005460024FFF724FE144F4FF48066002203
:1038900031463846FDF70BFC4FF40068EA09414613
:1038A0003846FDF704FC6806050E0220FCF70CFF05
:1038B000012231463846FDF7FAFB0220FCF704FFEF
:1038C000002231463846FDF7F2FB0220FCF7FCFEF1
:1038D000641CE4B2082CE1D3BDE8F081000402408E
:1038E00070B5FFF7F5FD01220E4DD40221462846A2
:1038F000FDF7DDFB0122960231462846FDF7D7FB96
:103900000420FCF7E1FE002221462846FDF7CFFB0C
:103910000420FCF7D9FE31462846BDE8704000225D
:10392000FDF7C5BB0004024070B5FFF7D1FD104D97
:103930004FF48064002221462846FDF7B8FB66005C
:10394000002231462846FDF7B2FB0420FCF7BCFEFE
:10395000012221462846FDF7AAFB012231462846CE
:10396000FDF7A5FBBDE870400420FCF7ADBE0000EC
:10397000000402402DE9F0410024FFF791FD0122EF
:10398000144DD60231462846FDF791FB0120FCF785
:103990009BFE0122970239462846FDF788FB01204D
:1039A000FCF792FE08E0641CE4B2FA2C04D9FFF79D
:1039B000BBFF0120BDE8F08131462846FDF770FBD2
:1039C0000028F0D1002239462846FDF770FB002080
:1039D000F0E70000000402407FB500210091019152
:1039E000029103911948184A02604FF44032426034
:1039F000816001240461017680F82010C162144ABC
:103A00008262C1600225C56180F830104161FCF717
:103A100026FF08B1FCF772FE1120009001940720E8
:103A2000029069460948FCF76BFE08B1FCF766FE98
:103A300008200090019569460448FCF761FE0028C3
:103A400001D0FCF75BFE7FBD002001402405002073
:103A50000100000F10B50749054808600846FDF74A
:103A60002BF8002803D0BDE81040FCF747BE10BD7E
:103A7000003002404C00002008B51148016841F4B4
:103A800080010160006800F48000009000220521A0
:103A90003A20FDF7FBFD3A20FDF7EAFD0022052163
:103AA0003B20FDF7F3FD3B20FDF7E2FD0022052161
:103AB0004620FDF7EBFDBDE808404620FDF7D8BDE8
:103AC0003038024010B5434803F042FB424C60637B
:103AD000404A01211032084603F0DCFBA0633D4A56
:103AE00001212032084603F0D5FBE063394A012169
:103AF0003032084603F0CEFB2064364A01214032C2
:103B0000084603F0C7FB6064324A01215032084680
:103B100003F0C0FBA0642F4B0022403B01212F4843
:103B200003F09CFC60622B4B0022303B01212C48AF
:103B300003F094FCA062274B0022203B012129487E
:103B400003F08CFCE062234B0022103B012126484D
:103B500003F084FC20631F4A0421703A402003F0E4
:103B600053FAE0611B4A0121583A202003F04CFA35
:103B700020621E4A00211E4803F012FC20601B4AEE
:103B8000002124321B4803F00BFC6060174A00211F
:103B90004832194803F004FCA060144A00216C323A
:103BA000164803F0FDFBE060104A002190321448F3
:103BB00003F0F6FB20610D4A0021B432114803F0F6
:103BC000EFFB6061034A0021943A0F4803F0E8FBE1
:103BD000A06110BD5CBB0008000000204D5E000825
:103BE000F9650008056000084D5B0008F0B90008A1
:103BF00035470008C5640008117E0008597A00089E
:103C0000BD640008F1590008816E00082DE9F04FED
:103C100087B0142102A8FCF78BFB00246A480168D6
:103C200041F010010160016801F01001019101688B
:103C300041F004010160016801F004010191016893
:103C400041F080010160016801F08001019101688B
:103C500041F001010160016801F001010191016879
:103C600041F002010160016801F002010191016867
:103C700041F008010160006800F008000190002296
:103C80004FF4CA515148FDF712FADFF844A14FF43E
:103C90004067002239465046FDF709FA01227910A3
:103CA0004C48FDF704FA00224FF400614948FDF743
:103CB000FEF9DFF824B14FF48078012241465846DE
:103CC000FDF7F5F94FF40079002249465846FDF713
:103CD000EEF949F29C50029003250395049402A941
:103CE0003E48FDF7F5F84EF6FF4002900395049428
:103CF00002A95846FDF7ECF81C20029003950494A5
:103D000002A93248FDF7E4F84FF4A07002900126B2
:103D100003960494059502A92C48FDF7D9F84EF2B4
:103D2000060002900395049402A95046FDF7D0F8CE
:103D3000029703960494059402A95046FDF7C8F82B
:103D4000300302904FF4881003900227049702A9D1
:103D50005046FDF7BDF84CF2FF1002900395049415
:103D600002A91C48FDF7B4F84FF460600290039676
:103D70000494059602A91748FDF7AAF8CDF8088023
:103D800003960494059402A95846FDF7A1F8CDF8CE
:103D9000089003960494059702A95846FDF798F8F1
:103DA000E802029003960494059702A90748FDF7DC
:103DB0008FF802950394049402A90848FDF788F847
:103DC00007B0BDE8F08F000030380240000002402C
:103DD00000040240000C02400008024000100240B3
:103DE00010B50D480B4901600C494160002181600C
:103DF000C1604FF48042026141618161C161016231
:103E0000FDF7D4F9002803D0BDE81040FCF776BCDC
:103E100010BD000000540040CC050020A086010029
:103E200010B50948074901600321416013218160F1
:103E3000FDF760FB002803D0BDE81040FCF75EBC36
:103E400010BD0000003000402006002010B5002208
:103E500005211C20FDF71AFC1C20FDF709FC00229F
:103E600005211D20FDF712FC1D20FDF701FC00229D
:103E700005212820FDF70AFC2820FDF7F9FB002288
:103E800005212B20FDF702FC2B20FDF7F1FB002282
:103E900005212C20FDF7FAFB2C20FDF7E9FB002281
:103EA00005213220FDF7F2FB3220FDF7E1FB002275
:103EB00005213720FDF7EAFBBDE810403720FDF76C
:103EC000D7BB000010B510480E4901604FF4827155
:103ED000416000218160C160016141614FF4007265
:103EE00082611822C2610162416281620A21C1625B
:103EF000FDF794FF002803D0BDE81040FCF7FEBB9F
:103F000010BD0000003001402C06002010B588B024
:103F10001C2101A8FCF70CFA16481549016040F273
:103F2000473141600024846040F2E731C1600461A0
:103F300080218161FEF74AF908B1FCF7DFFB0D48EB
:103F4000FEF70CFE08B1FCF7D9FB6020019002944B
:103F5000039404200590002201A90648FEF791FD74
:103F600008B1FCF7CBFB0348FEF7BEFC08B010BD60
:103F700000440140F80B002010B588B01C2101A8B6
:103F8000FCF7D6F916481549016040F24731416007
:103F90000024846040F2E731C160046180218161C6
:103FA000FEF714F908B1FCF7A9FB0D48FEF7D6FDA2
:103FB00008B1FCF7A3FB6020019002940394042055
:103FC0000590002201A90648FEF75BFD08B1FCF749
:103FD00095FB0348FEF788FC08B010BD004801407F
:103FE000AC0C002030B58BB00024079408940994E1
:103FF0000A941C216846FCF79BF91C4D1A4828605E
:1040000040F247306860AC606320E8602C6180203B
:10401000A8612846FEF7DAF808B1FCF76FFB4FF409
:104020008050079007A91148FEF7AEF908B1FCF7D8
:1040300065FB0E48FEF7F6FC08B1FCF75FFB009449
:104040003220019002940494002269460748FEF74A
:10405000BFFC08B1FCF752FB2868816941F00801F8
:1040600081610BB030BD000000180040600D0020E1
:1040700010B588B01C2101A8FCF75AF91348124961
:104080000160532141600024846041F28731C160A6
:1040900004618461FEF79AF808B1FCF72FFB0B4826
:1040A000FEF7C0FC08B1FCF729FB019402940394CD
:1040B0000594002201A90548FEF78AFC002801D0DA
:1040C000FCF71CFB08B010BD001C0040140E0020C3
:1040D00010B596B00024129413941494159410946F
:1040E00011941C2109A8FCF723F9202101A8FCF751
:1040F0001FF936483449016040F24731416084601D
:1041000040F2E731C1600461446180218161FEF7C2
:104110005DF808B1FCF7F2FA4FF48050129012A942
:104120002A48FEF731F908B1FCF7E8FA2748FEF70C
:1041300015FD08B1FCF7E2FA1094119410A9234878
:10414000FDF7FCFF08B1FCF7D9FA602009900A944A
:104150000B940C9404200D900E940F94002209A946
:104160001A48FEF78EFC08B1FCF7C8FA042209A928
:104170001648FEF786FC08B1FCF7C0FA082209A928
:104180001248FEF77EFC08B1FCF7B8FA0C2209A928
:104190000E48FEF776FC08B1FCF7B0FA01940294E1
:1041A0000394049405944FF400500690089401A9D8
:1041B0000648FDF798FF08B1FCF7A0FA0348FEF7A0
:1041C00093FB16B010BD0000000001400C0700205A
:1041D00010B58CB0242103A8FCF7AAF800240194A0
:1041E000029415484FF080410160446084604EF6AF
:1041F0006021C160046180218161032003900494E7
:104200000120059006940794089409900A940B9451
:1042100003A90948FEF72CF908B1FCF76FFA0194DD
:10422000029401A90448FDF789FF002801D0FCF79A
:1042300065FA0CB010BD0000C007002010B58CB0AE
:10424000242103A8FCF774F8002401940294154873
:1042500013490160446084604EF66021C1600461CE
:10426000802181610320039004940120059006942D
:104270000794089409900A940B9403A90948FEF73F
:10428000F7F808B1FCF73AFA0194029401A905483D
:10429000FDF754FF002801D0FCF730FA0CB010BD38
:1042A000000400407408002010B58CB0242103A83D
:1042B000FCF73EF80024019402941548134901606C
:1042C000446084604EF66021C16004618021816198
:1042D0000320039004940120059006940794089409
:1042E00009900A940B9403A90948FEF7C1F808B194
:1042F000FCF704FA0194029401A90548FDF71EFF9A
:10430000002801D0FCF7FAF90CB010BD00080040FD
:104310002809002010B58CB0242103A8FCF708F868
:10432000002401940294154813490160446084609C
:104330004EF66021C16004618021816103200390F9
:1043400004940120059006940794089409900A9417
:104350000B9403A90948FEF78BF808B1FCF7CEF9D6
:104360000194029401A90548FDF7E8FE002801D058
:10437000FCF7C4F90CB010BD000C0040DC090020B3
:104380001CB50024009401940E480D49016053218E
:104390004160846042F20F71C16080218161FDF74C
:1043A00015FF08B1FCF7AAF9009401946946054885
:1043B000FDF7C4FE002801D0FCF7A0F91CBD0000E9
:1043C00000140040900A002010B58CB0002408941E
:1043D00009940A940B941C2101A8FBF7A9FF1F481C
:1043E0001D49016040F247314160846040F2E7318D
:1043F000C160046180218161FDF7E8FE08B1FCF72E
:104400007DF94FF48050089008A91448FDF7BCFFCF
:1044100008B1FCF773F91148FEF7A0FB08B1FCF7EF
:104420006DF960200190029403940420059000220D
:1044300001A90A48FEF725FB08B1FCF75FF9042241
:1044400001A90648FEF71DFB08B1FCF757F9034820
:10445000FEF74AFA0CB010BD00400140440B0020AA
:1044600010B50C480A4901604FF4E1314160002168
:104470008160C16001610C2242618161C161FCF710
:1044800055FE002803D0BDE81040FCF737B910BD39
:1044900000500040C80E002010B50C480A490160C9
:1044A0000B49416000218160C16001610C224261C1
:1044B0008161C161FEF7DCFD002803D0BDE810403A
:1044C000FCF71CB910BD0000001001403C0F00209B
:1044D00040420F00FEE7FDF72DFAFEE700F07EBF39
:1044E00070B504460D461646064B1B78002B01D1CD
:1044F00000F074FF324629462046BDE8704000F0C7
:1045000003B80000F8C9002070B50E4614461849DB
:1045100000EB400001EBC00518356869002806D0A3
:10452000012811D002281BD00024204670BD284647
:1045300000F088FFA04201D20024F6E7224631466F
:10454000284600F0B9FFF0E7284600F07BFFA042C4
:1045500000D2044622463146284600F0ADFFE4E78B
:1045600022463146284600F079FF0446DDE7000088
:10457000F8C900200148FDF7CDBB00002C06002043
:10458000806B0021C187C186016F0847806B01687D
:104590004A6822F003024A60416D41F01001416512
:1045A000012180F85110016F0847806B416E084768
:1045B00038B50546AC6BFCF781FD024628680068FB
:1045C000C00525D42068416821F0200141602068A1
:1045D000416821F0020141606421204600F01EF88C
:1045E00018B1606D40F020006065A068002118B926
:1045F0002068C26880680090E186012084F851003C
:10460000606D28B1216F01B02046BDE830400847F9
:10461000A16D01B02046BDE8304008477CB5044696
:104620001348144D0068B0FBF5F04FF47A756843F9
:1046300001906068B0F5827F0DD10B460092002298
:104640008021204600F018F878B1606D40F020001D
:10465000606503207CBD019838B10198401E01902F
:1046600020688068C0430006F5D500207CBD0000AE
:104670005800002000366E012DE9F84304460F462D
:1046800091461E46089DFCF719FD401B351AFCF7A4
:1046900015FD804626480068C0F3CB306843009083
:1046A0003AE0701C38D0FCF709FDA0EB0800A842E6
:1046B00003D215B1009858B32BE02068416821F06F
:1046C000E00141606068B0F5827F0BD1A068B0F571
:1046D000004F02D0B0F5806F04D12068016821F04E
:1046E00040010160A06AB0F5005F09D1206801684F
:1046F00021F4005101602068016841F4005101601B
:10470000012050346070002020700320BDE8F88341
:1047100000250098401E00902068806837EA00005D
:1047200004D000204845BCD10020EFE70120F9E784
:1047300058000020012002F0F3FBFBE710B54FF01A
:10474000E020006906F018FF012803D0BDE8104002
:1047500006F012BA10BD000030B593B0302107A8A2
:10476000FBF7E6FD142102A8FBF7E2FD00251F4838
:10477000016841F080510160006800F080500190B4
:104780001B48016841F480410160006800F48040EA
:104790000190092007904FF48030089001200C9080
:1047A00002240D9480050E9008200F90A8201090F0
:1047B00011940720129007A8FDF7CAF808B1FBF77B
:1047C0009DFF0F200290039404954FF4A050059094
:1047D0004FF480500690052102A8FCF78BFF08B12A
:1047E000FBF78CFFFDF72CF813B030BD40380240CA
:1047F000007000400548016841F470010160034900
:104800004FF00060803908607047000088ED00E0DC
:104810000E4908680269D243D2070ED1921E026186
:1048200008680068C1060A48406807D5D0E9021246
:10483000491E42F1FF32C0E902127047D0E902126C
:10484000491C42F10002C0E902127047C007002073
:1048500054D300200E4908680269D243D2070ED112
:10486000921E026108680068C1060A48C06807D540
:10487000D0E90212491E42F1FF32C0E9021270472C
:10488000D0E90212491C42F10002C0E9021270474D
:104890007408002054D300200E4908680269D243EE
:1048A000D2070ED1921E026108680068C1060A484C
:1048B000806807D5D0E90212491E42F1FF32C0E9F3
:1048C00002127047D0E90212491C42F10002C0E90D
:1048D000021270472809002054D300200E490868AE
:1048E0000269D243D2070ED1921E026108680068A5
:1048F000C1060A48006807D5D0E90212491E42F1F4
:10490000FF32C0E902127047D0E90212491C42F19D
:104910000002C0E902127047DC09002054D30020D5
:1049200070B52DED028B1E4800680169C943C907A7
:1049300032D1891E01611B480068426A1A4D9FED01
:104940001B8A00232868B0EE480A01F01BFD1848B6
:104950000068426A0023B0EE480A686801F012FD60
:1049600014480068426A0023B0EE480AA86801F0C3
:1049700009FD11480068426A0023B0EE480AE86861
:1049800001F000FD0024B0EE480A55F8240001F0C3
:1049900093FC641C042CF6DBBDEC028B70BD0000A4
:1049A000900A0020DC09002054D300200AD7233CC1
:1049B000C0070020280900207408002070B50F4CA3
:1049C000216808690E4DC043C00706D1801E0861EA
:1049D000012240212846FCF76AFB21680869C04390
:1049E000800709D46FF0020008612846BDE87040D6
:1049F00000224021FCF75BBB70BD0000600D002071
:104A0000000002400148FDF7A8BE00007010002021
:104A100070B5184E30680169174DC943174C8907A6
:104A20000DD46FF002010161206855F82000416A41
:104A300000208847206803281AD0401C2060306876
:104A40000169C943C90712D1891E0161206855F85F
:104A50002000416A01208847206855F8200004F0B2
:104A600047F82068316855F820000069486370BD38
:104A70000020E3E7140E0020C0D6002054000020E0
:104A80002DE9F0410268264D264E274FDFF89CC0E5
:104A9000274B4FF08048A84209D0404507D0B0428C
:104AA00005D0B84203D0604501D0984203D122F02E
:104AB00070044A682243A8421BD0404519D0B04236
:104AC00017D0B84215D0604513D0984211D0194C78
:104AD000A0420ED0184CA0420BD0184CA04208D0D7
:104AE000174CA04205D0174CA04202D0164CA04251
:104AF00003D122F44074CA6822434C6922F0800238
:104B0000224302608A68C2620A688262A84201D0B7
:104B1000984201D10969016301214161BDE8F08139
:104B2000000001400004004000080040000C00406C
:104B300000040140004001400044014000480140A1
:104B400000180040001C00400020004010B501F09B
:104B50001F0101238B40046A9C430462036A8A405C
:104B60001343036210BD10B5846824F47F4442EA05
:104B700003220A432243826010BD826822F0700241
:104B80000A4342F00701816070470000F0B5026AF5
:104B900022F001020262026A4368846924F0700410
:104BA00024F003050C682C4322F002058A682A438E
:104BB0000E4E0F4FB04201D0B84205D122F0080589
:104BC000CA682A4322F00402B04201D0B84207D199
:104BD00023F4807323F400734D691D438B692B43C9
:104BE00043608461496841630262F0BD0000014096
:104BF00000040140F0B5026A22F010020262036A6A
:104C00004268846924F4E04424F440740D6844EA62
:104C1000052423F020038D6843EA0513104D114E3F
:104C2000A84201D0B04206D123F08003CF6843EA06
:104C3000071323F04003A84201D0B04209D122F467
:104C4000806222F400624D6942EA85028D6942EA7F
:104C5000850242608461496881630362F0BD00009F
:104C60000000014000040140F0B5026A22F48072A5
:104C70000262026A4368C46924F0700424F00305E8
:104C80000C682C4322F400728D6842EA0522104D14
:104C9000104EA84201D0B04206D122F40062CF6883
:104CA00042EA072222F48062A84201D0B04209D130
:104CB00023F4805323F400534D6943EA05138D69AF
:104CC00043EA05134360C4614968C1630262F0BDF1
:104CD000000001400004014030B5026A22F4805215
:104CE0000262046A4268C36923F4E04323F4407318
:104CF0000D6843EA052324F400548D6844EA053422
:104D0000084DA84202D0084DA84204D122F48042A6
:104D10004D6942EA85124260C361496801640462D8
:104D200030BD000000000140000401400D4940F882
:104D3000801F0D4941600D4981600D49C1600D49D9
:104D400001610D4941610D4981610D49C1610D4903
:104D500001620D4941620D4981620D49C1620D49EF
:104D600001637047192D00082D2D00082F2D000814
:104D7000312D00085727000859270008232A00086A
:104D8000BB2B0008BD2B000855270008E3200008B6
:104D9000E5200008E120000810B5036A046A24F049
:104DA00001040462846924F0F00444EA021423F04C
:104DB0000A020A438461026210BD10B5036A23F03F
:104DC000100303628469036A24F4704444EA0232E3
:104DD00023F0A00343EA01118261016210BD10B506
:104DE00003F052FE002804D006C8BDE8104010466B
:104DF000084710BD70B5254C20680168244DC94393
:104E000089060CD46FF02001016020684068C1B2AF
:104E1000204804F093F910B9286802F095FA206848
:104E20000168C9434A061B4912D46FF04002026070
:104E300091F8280018B1286802F086FA02E01348B9
:104E4000FCF742F92068C16821F04001C16070BDE3
:104E50000268D243120613D46FF080020260CA7D4A
:104E6000486AD21C904206D2421C08444A62216819
:104E7000007D486004E02068C16821F08001C160C5
:104E8000BDE870400148FDF7D5BF0000C80E002006
:104E900048000020A06F0120806B0021C185C184E3
:104EA000416D084770B5846B20684069C0F3C0103D
:104EB00094F83D100025212904D118B1E58420463D
:104EC00000F0B4F820684069C0F3801094F83E10F8
:104ED000222904D118B1E585204600F073F8206C32
:104EE00040F0100020642046616DBDE87040084726
:104EF0000146886B09680968C9052FD40021C1855E
:104F000001680C3151E8002F22F4807241E800233F
:104F1000002BF5D10168143151E8002F22F0010275
:104F200041E80023002BF5D10168143151E8002F2E
:104F300022F0400241E80023002BF5D1202180F827
:104F40003E10016B012909D101680C3151E8002F95
:104F500022F0100241E80023002BF5D1016B01295A
:104F600001D0016D0847826E818D1047806B016B07
:104F7000012901D0C16C0847818D826E4908104714
:104F80000146886B09680968C90516D40021C184E7
:104F90000168143151E8002F22F0800241E800231B
:104FA000002BF5D101680C3151E8002F42F040028E
:104FB00041E80023002BF5D17047816C0847806BD6
:104FC000416C084701680C3151E8002F22F49072BF
:104FD00041E80023002BF5D10168143151E8002F7E
:104FE00022F0010241E80023002BF5D1016B0129D9
:104FF00009D101680C3151E8002F22F0100241E87C
:105000000023002BF5D1202180F83E100021016300
:10501000704710B50168CA6822F04002CA602021BA
:1050200080F83D10816C8847002010BD01680C316C
:1050300051E8002F22F0C00241E80023002BF5D1F7
:10504000202180F83D107047094941640949816475
:105050000949C164094901650949416509498165F1
:105060000949C1650949016609498166704700001F
:10507000BF330008BD33000827330008253300087C
:10508000312E0008972D00082F2E00082D2E000825
:10509000952D000808B590F83E10222901D0022075
:1050A00008BD82684FF480539A4201D1016921B151
:1050B000816A9A421DD052B10BE0816A026852683F
:1050C000C2F308020A80816A891C816209E00269D0
:1050D0007AB10268526802F07F020A70816A491C44
:1050E0008162C18D491E0904090CC18505D00020CB
:1050F00008BD026852680A70F0E70168CA6822F0C9
:105100002002CA600168CA6822F48072CA6001681D
:105110004A6922F001024A61202180F83E10016BA9
:10512000012903D0016D8847002008BD00210163DB
:1051300001680C3151E8002F22F0100241E80023F1
:10514000002BF5D101680A68D20602D50A684968C1
:105150000091826E818D9047E6E700002DE9F041D5
:10516000044620680169E26821F44051114301615D
:10517000A1682069E2690143606910430143206826
:10518000C26849F20C639A430A43C26020684169CD
:10519000A26921F44071114341613349206888427A
:1051A00002D03249884202D1FCF784FB01E0FCF7CF
:1051B00071FBE1690023192764253226B1F5004F00
:1051C00028D061688B0F8A00A0FB0701FBF758F815
:1051D0000146B0FBF5F07A42504301EB800006EB4C
:1051E0000010B0FBF5F000F0F002B1FBF5F002EBBF
:1051F0000012B1FBF5F07B42584301EB800006EB57
:105200000010B0FBF5F0216800F00F00104488603A
:10521000BDE8F08161684A18A0FB07015B41FBF71C
:105220002FF80146B0FBF5F00201B1FBF5F06FF08D
:105230001803584301EB800006EBC000B0FBF5F00B
:1052400000F0F80002EB4002B1FBF5F0584301EB2F
:10525000800006EBC000B0FBF5F0216800F007000D
:1052600010448860D4E700000010014000140140A1
:1052700037B582B004461346039AA262A38500257F
:105280002564222084F83E00A16B1C48C863A16BF2
:105290001B480864A16B1B48C864A06B05652168A6
:1052A000A06B091DFBF7DCFD2068016840680190D8
:1052B00084F83C50206948B120680C3050E8001F49
:1052C00041F4807140E80012002AF5D120681430C2
:1052D00050E8001F41F0010140E80012002AF5D11A
:1052E0002068143050E8001F41F0400140E80012EF
:1052F000002AF5D105B0002030BD0000F14E0008B5
:105300006D4F0008A54E000890F83D10212901D0EE
:10531000022070478168B1F5805F01D1016961B1F8
:10532000016A4A1C0262026809785160C18C491EF8
:105330000904090CC1840AD013E0016A02680988D3
:10534000C1F308015160016A891C0162EEE701683E
:10535000CA6822F08002CA600068C16841F040015A
:10536000C1600020704700000349002081F83C0024
:105370000846FDF75FBD00003C0F0020FEE700007F
:1053800010B51448FCF7E3F830211348FAF7D0FFC2
:105390001048FCF7DCF80A2001F0C2FD0E48182185
:1053A0003030FAF7C5FF0B48FCF7D1F803F070FD79
:1053B00000240848FCF7CBF80A2001F0B1FD641C7A
:1053C000022CF6DBC022BDE8104030210248FAF77B
:1053D000A8BF000020060020F4D2002010B5124C17
:1053E00003202061606111A0A06104F1A800E061C8
:1053F0004FF4806020620021A1626162E1620BA033
:10540000206604F5956060661020A0662167E1665D
:10541000616709A1E01DFAF796FF08A12046FAF797
:1054200092FF2020A07110BDF8C900205465726D54
:10543000696E616C000000005254540053454747A8
:10544000455200000169C268914204D88068801A00
:105450000844401E7047881A401E70472DE9F047E7
:105460000546894617464FF00008EC682869A042B7
:1054700002D9061B761E03E0A968201A0E1A761EB2
:10548000A868001BB04200D80646BE4200D33E4684
:105490006868324620444946FAF723FFB044B144D5
:1054A000BF1B3444A868A04200D10024EC60002F48
:1054B000DCD14046BDE8F0872DE9F041044688463E
:1054C0001646E768A068C51BE1686068B5420844F5
:1054D00007D932464146FAF704FFB819E060BDE843
:1054E000F0812A464146FAF7FCFE761B08EB0501DF
:1054F00032466068FAF7F5FEE660F0E70FB4054B58
:1055000010B503A9044A029800F03CF810BC5DF8FD
:1055100014FB0000E56300086C0100200FB4084B89
:1055200010B504A902AA039800F02CF8044602A9B9
:10553000002000F058FA204610BC5DF814FB000073
:10554000E75900080907090E002804DB00F1E020F4
:1055500080F80014704700F00F0000F1E02080F8A0
:10556000141D704702E008C8121F08C1002AFAD1B2
:1055700070477047002001E001C1121F002AFBD1D3
:10558000704700002DE9FF4F8DB00F4605460026FD
:1055900006E025280BD0DDE90F1290476D1C761C24
:1055A00028780028F5D111B03046BDE8F08F0024EE
:1055B000A246A1460122EC4900E0044315F8013F50
:1055C000203B02FA03F00842F7D128782A2810D0AD
:1055D0006FF02F022878A0F13001092914D80AEBC6
:1055E0008A0102EB410144F0020400EB010A6D1C48
:1055F000F0E701CF5FEA000A03D544F40054CAF192
:10560000000A44F002046D1C28782E2817D115F8E2
:10561000010F44F004042A280ED06FF02F022878DE
:10562000A0F1300109290AD809EB890102EB4101F7
:1056300000EB01096D1CF2E757F8049B6D1C2878FC
:105640006C280FD006DC4C2817D068280DD06A28AB
:1056500014D104E0742810D07A280FD10DE044F45E
:1056600000140AE044F4801401E044F44014697822
:10567000814202D104F580146D1C6D1C2A786E2ABB
:105680001FD00CDC632A31D004DC002A8BD0582ACE
:1056900011D1A3E0642A68D0692A0CD165E0732A8D
:1056A0002ED004DC6F2A73D0702A04D19BE0752AB7
:1056B0006FD0782A6ED01046DDE90F129047761C25
:1056C00050E1C4F30250022806D0032809D0042870
:1056D00001CF09D0066045E101CFF117C0E90061B3
:1056E00040E101CF06803DE106703BE117F8040B75
:1056F0008DF8000000208DF80100EB46012003E04A
:1057000057F804BB4FF0FF3061074FF0000102D49F
:105710000DE008F10101884649450FDA8045F8DBC4
:105720001BF808100029F4D108E008F101018846AF
:105730008142FADB1BF808100029F6D1DDE90F23BE
:10574000AAEB08008146214600F036F9304400EB10
:10575000080604E0DDE90F121BF8010B9047B8F1D1
:105760000108F7D221464846F7E00A21C4F3025364
:105770004FF0000B0891022B04D001CFC117032B6F
:1057800009D00AE0FF1D27F00707F7E8020108E04B
:1057900032E01FE020E000B2C117042B01D140B27B
:1057A000C117031E71F1000307DA4FF0000CD0EBB4
:1057B0000C006CEB01012D2302E0230504D52B2303
:1057C0008DF82430012303E0E30701D02023F7E71D
:1057D000984658E00A2110E010210EE010204FF00A
:1057E000000B08900CE010214FF0000B44F0040473
:1057F0004FF00809089103E008214FF0000B0891D1
:10580000C4F30253022B04D001CF0021032B06D096
:1058100006E0FF1D27F00707F7E8020103E080B26A
:10582000042B00D1C0B24FF0000823072BD5702AFB
:1058300007D0DDF820C08CF0100C5CEA0B0C05D012
:105840000EE040238DF82430012308E050EA0103E4
:1058500006D030238DF824308DF825200223984679
:10586000DDF820C08CF0080C5CEA0B0C0BD150EA80
:10587000010301D1630706D530238DF824304FF0A2
:105880000108A9F10109582A04D038A20B9208AAEC
:105890000A920BE03AA2F9E75B46089AFAF7F0FCA5
:1058A0000B9B9B5C0A9A521E0A92137050EA0102EB
:1058B000F2D10A98ADEB000000F1200B600702D591
:1058C00024F4803401E04FF00109D94502DDA9EB51
:1058D0000B0000E0002000EB0B0141440890AAEB14
:1058E000010AE00306D4DDE90F232146504600F00B
:1058F00063F806444FF0000908E009A911F809000F
:10590000DDE90F12904709F10109761CC145F4DB6E
:10591000E0030CD5DDE90F232146504600F04CF89A
:10592000064404E0DDE90F1230209047761C089908
:10593000481E08900029F5DC08E00A980A990078CA
:10594000491C0A91DDE90F129047761CBBF100015A
:10595000ABF1010BF1DC21465046DDE90F2300F0ED
:1059600019F806446D1C1BE609280100303132335A
:10597000343536373839616263646566000000008B
:105980003031323334353637383941424344454675
:10599000000000002DE9F041044600251E46174690
:1059A000880404D405E039462020B0476D1C641EED
:1059B000F9D52846BDE8F0812DE9F04104460025DF
:1059C0001E469046C80301D5302700E020278804F2
:1059D00004D505E041463846B0476D1C641EF9D534
:1059E0002846BDE8F0810A68531C0B6010707047B0
:1059F00000F010FE032003F041FD03F0F7F803F080
:105A00007DFA00F007FB00F02FFAFFF7B9FC184C05
:105A10001849206800F09EF91649606800F09AF96C
:105A200015481E21006801F067FD14481E2100681A
:105A300001F062FD12481E21006801F05DFD114871
:105A40003221006801F058FD01F0E8FD0E4C0F48CE
:105A5000FBF77DFD20680C3050E8001F41F020016D
:105A600040E80012002AF5D10A2001F059FAEEE7C9
:105A7000EC000020C15C0008280000202C00002061
:105A800024000020300000203C0F002020060020D1
:105A900086B090ED000A8DED030AD0ED010ACDED40
:105AA000040A91ED001A8DED001AD1ED011ACDED29
:105AB000011A131F032B0BD890ED022AB1EE422AD4
:105AC00080ED022A91ED022AB1EE422A81ED022AEE
:105AD000D30708D0C0ED000A80ED010AC1ED001A1D
:105AE00081ED011A07E080ED000AC0ED010A81EDA9
:105AF000001AC1ED011A012A05D0022A03D0042A96
:105B000001D0072A0BD190ED000AB1EE400A80EDDA
:105B1000000A91ED000AB1EE400A81ED000A022A66
:105B200005D0032A03D0062A01D0072A0BD190ED15
:105B3000010AB1EE400A80ED010A91ED010AB1EED1
:105B4000400A81ED010A06B07047000030B52DED26
:105B5000028B81B04449A1F110040888002830D09C
:105B6000A0F57062FF3A2CD000EE100A9FED3F1AAC
:105B70004888B8EE400AC1EE000A00EE100AB8EEFE
:105B8000400A20EE800AF2EE060A20EE200A38498A
:105B900010EE100A884201DD9FED360AD4ED010AAD
:105BA000F5EEC00AF1EE10FA09D09FED331A60EE5F
:105BB000810A9FED321A40EE010AB0EE600A84EDD0
:105BC000010A022228492E48FAF7C0FEA068401CAC
:105BD000A060002514281EDDA56004208DF80000BB
:105BE00094ED010AB6EE008A30EE080ABDEEC00A56
:105BF00010EE100AADF8010003236A460021214887
:105C000002F0F4F894ED010A1F4830EE080ABDEEE8
:105C1000C00A80ED000A208894ED010A00EE900A87
:105C2000F8EE600AB4EEE00AF1EE10FA08D210EED7
:105C3000100A1649884203DDE068401CE06000E07D
:105C4000E560E068C8280ADD052000901048C823F8
:105C50009A00006840F6340100F06CF9E56001B08C
:105C6000BDEC028B30BD00003001002000409744A5
:105C700000409C46000000003333733FCDCC4C3DC8
:105C80002405002064D5002038010020002099451B
:105C9000F400002010B500F0D7FB052801D000204B
:105CA00010BD002000F0C4FA0348407800F0F2FA7A
:105CB00000F0EEFA012010BDC8D2002070470000AD
:105CC0001CB50C4600788DF804008DF805400223C1
:105CD00001AA0621074802F089F8202C09D10120E9
:105CE0000090054832231A4600684FF4FA6100F02C
:105CF00021F91CBD64D50020F400002000210171B1
:105D00008160C160016141614FF4C87181614FF4EC
:105D1000FA61C16189100162014941627047000066
:105D2000BD5C000810B501680948012903D00229AB
:105D300007D0002010BD0221FBF7B2F980F001006E
:105D400010BD0121FBF7ACF980F0010010BD00008F
:105D500000100240002900D04162704770B504462F
:105D6000606908446061A16A204688470146A068CE
:105D7000884201D0A16070BDE168814204D12179DF
:105D8000012901D00229F6D1E0602179002571B105
:105D9000012935D00229EED188B3216A6069884291
:105DA000E9D9626A042120469047656170BDE0B17F
:105DB000626A012120469047D4E90501884210D249
:105DC000206970B1401C2061022803D1626A402121
:105DD000204690472069032803D1626A802120462B
:105DE000904765610120207170BDD4E905018842AA
:105DF000FAD920690028F7D02561656170BD1AE0E5
:105E000058B1E16960698842F8D9626A0221204686
:105E10009047656102202071F0E7626A10212046F8
:105E20009047626A202120469047206900B90120EE
:105E300020612571E2E7626A0821204690472561CA
:105E4000A069401C60612571D8E7000010B5054CC1
:105E50001E212068FFF782FF6068BDE810401E2108
:105E6000FFF77CBFEC0000202DE9F0470024144D23
:105E7000144E4FF4967740F2DC584FF4C8792C2238
:105E80001149002000F090FC45F82400FFF736FF90
:105E900055F82410601C086055F82400866255F8F7
:105EA0002400876155F82400C0F81C8055F82400B0
:105EB000C0F82090641C022CE1DBBDE8F0870000F4
:105EC000EC000020255D0008FC00002044F6206066
:105ED000814200D90146144A0A29106814D2016A85
:105EE00041F21113194207D1016A9B10194203D1E3
:105EF000016821F001010160116800204862002260
:105F000040210A48FBF7D3B8094BB3FBF1F1C1F3C9
:105F10004F03491EC162D160106843631068016875
:105F200041F0010101607047600D00200000024057
:105F3000A08601001FB5069CADF8001001920293E7
:105F4000ADF80C40026A6946904704B010BD0321C9
:105F5000017170472DE9F04104460F46E26904F1F2
:105F60000C01204690474FF0000808B984F80480DF
:105F7000207901250326D8B101282ED0022815D179
:105F8000A0683844A060D4E90421114481420DD8AE
:105F9000401AA060208B01282CD0626AA18920467B
:105FA0009047208B60B3401E20832571BDE8F081AF
:105FB000206960B1A18951B1626A20469047606949
:105FC00018B1C4F808802571F0E72671EEE7626A1F
:105FD0000021204690472671E8E7A0683844A06079
:105FE00021698842E2D3626A00212046904702205C
:105FF0002071DBE7626A0021204690472671D5E7D1
:106000000020D1E702481E210068FFF7A3BF00006F
:10601000F400002010B586B0002240211C48FBF798
:1060200046F818221B496846FAF75BF96A461021C0
:10603000052000F0E9FF1849486028221749002090
:1060400000F0B2FB144C2060FFF781FF21680120B3
:1060500008602068124941621249C1611249016217
:1060600012480021026851620268891E11610268AB
:106070006FF0020111610168CA6842F00102CA6052
:106080000068C16841F00201C16006B010BD0000A7
:10609000000002401CC70008F4000020FC000020A3
:1060A000CD5E00083964000885890008600D002075
:1060B00001490880704700002001002010B500222F
:1060C000054C03E010F8013B5340E25C491E89B2E5
:1060D000F8D2104610BD0000D4C5000870B50646C1
:1060E000C81CF070304600230222C478A41C03E0D0
:1060F000855C2B449BB2521C9442F9DCDA43701845
:1061000042710021817170BD55230370437081700D
:106110000271704770B50C4615461C4900281ED008
:106120004FF4005210281ED020281ED0302820D036
:1061300010200A81012B20D040EA0401032004F042
:1061400099FC062002F0D1FD00F0F000012D18D0DE
:1061500020F00101BDE87040062004F08BBC4FF434
:1061600080420A81E6E70A81E4E74FF480520A811F
:10617000E0E74FF400620A81DCE7204340F0800151
:10618000DCE740F0060040F00101E3E7C8D2002060
:106190002DE9F0410D461646244C10F00F0F4FF03C
:1061A000100123D10211082A20D2DFE802F00408EE
:1061B0000C1014171A1D4FF40061618118E04FF4A0
:1061C0008061618114E04FF40071618110E04FF44F
:1061D000807161810CE08021618109E04021618151
:1061E00006E02021618103E0618101E0702061818E
:1061F000012B12D040EA0501042004F03BFC0620EC
:1062000002F073FD00F00F00012E0AD020F0100103
:10621000BDE8F041062004F02DBC284340F0800189
:10622000EAE740F0600040F01001F1E7C8D200203A
:1062300070B50546002000F02DF810203022134CD8
:1062400005213DB101236370A0700D20E070227123
:10625000617105E003236370A070E17022716171C8
:106260006078C00705D00023E178A0781A46FFF7D0
:1062700051FF6078800707D561792079BDE87040CB
:1062800000231A46FFF784BF70BD0000C8D200206B
:106290007047000010B504462146082004F0EAFBD0
:1062A000044904F003004870BDE81040012000F0EC
:1062B00037BE0000C8D2002010B504462DED028B79
:1062C000F0EE400ADFED1B8A94ED060A04F120008F
:1062D00001F0DEFD94ED070AD4ED0E0AB8EEC00A17
:1062E00030EE208A144918EE100A884201DD9FED35
:1062F000138A134918EE100A884201D99FED118ABA
:10630000114918EE100A884204D218EE100A0F49FB
:10631000884201DBF0EE488A626CBDEEE80A204656
:1063200010EE101A9047BDEEC80A84ED070ABDECC6
:10633000028B10BD0000000000007A4400007A4487
:1063400000007AC400007AC400007AC300007A43D7
:106350000022026042608260C2609FED090A80ED07
:10636000050A80ED060A0021C161016142F20F7148
:10637000C163B0EE401AF0EE400A203001F074BD67
:1063800000000000F0B5D0E903718468CE17A4FBCB
:10639000015C07FB01C104FB0611AA184B4101680F
:1063A000511AC0E9002300EE901AF8EEE00A80EEE0
:1063B000801A9FED0A0AD0ED050A21EE000A9FED32
:1063C000081A00EE810A80ED050AD0ED0F0AF8EEFA
:1063D000E00A80EE201A80ED061AF0BD6666663F80
:1063E000CDCCCC3D064A914201D103F057B9054AC4
:1063F000914201D103F04AB94FF0FF3070470000DD
:106400006C0100207001002000680A4A012806D0B3
:10641000022809D0002390681A4600F0BFBD00236F
:1064200010681A4600F0BABD002350681A4600F002
:10643000B5BD000048D30020024800231A4640683A
:1064400000F0ACBDF40000202DE9F843002619A0AF
:10645000006800900025184FE84618F805003870CD
:10646000002403E0002002F040FC0646052E03D085
:106470002046641C0528F5DB052E06D06D1CEDB208
:10648000022DEAD33046BDE8F88302F005FCC020B7
:10649000B8717821022004F0EDFA012002F025FC09
:1064A0000021082004F0E6FAB979092004F0E2FAA4
:1064B000E8E700006A6B0000C8D20020012000F06D
:1064C0002FFDFBE786B0FFF7E5FB0B4C4FF0FF36E7
:1064D00003AD3146206800F0ABFE2946684602F065
:1064E0008BFC18236A460721044801F07FFC142026
:1064F00000F016FDEDE700004000002064D500200C
:106500000EB500910192ADF80830C2696946904716
:106510000EBD03210171704703680A4881F0010232
:10652000012B05D0022B08D0CAB2C114FAF7BFBDA7
:10653000D2B24FF40071FAF7BABDD2B24FF4806113
:10654000FAF7B5BD000C02402DE9F04104460F46B4
:10655000A26904F10C01204690474FF0000808B9E9
:1065600084F80480207901260325D8B101282DD094
:10657000022815D1A0683844A060D4E90321114451
:1065800081420DD8401AA060A08A01282BD0226A2F
:10659000012120469047A08A58B3401EA082267150
:1065A000BDE8F081E06858B1226A01212046904799
:1065B000206918B1C4F808802671F1E72571EFE76A
:1065C000226A0021204690472571E9E7A0683844F7
:1065D000A060E1688842E3D3226A00212046904708
:1065E00002202071DCE7226A0021204690472571B5
:1065F000D6E70020D2E7000070B50024044D1E212C
:1066000055F82400FFF7A0FF641C032CF7DB70BDD6
:106610003CD300202DE9F04792B048221B49684640
:10662000F9F75FFE00241A4FDFF86880DFF8689002
:10663000DFF868A06E46A7F10C0504EB440006EBFA
:10664000C0020C21052000F0DFFC47F824002422C2
:106650001349002000F0A8F845F82400FFF759FF7F
:1066600055F82410601C086055F82400C0F82080FC
:1066700055F82400C0F8189055F82400C0F81CA064
:10668000641C032CD9DB12B0BDE8F087D4C6000827
:1066900048D30020196500080964000855890008DE
:1066A000FC0000202DE9FC410E46002801D00446E4
:1066B00000E0304C0EB1A06810B10020BDE8FC81B4
:1066C0004FF00008CDF80480CDF80080002506EBDF
:1066D000C500416811B956F8351041B1DDE9002116
:1066E0000A4456F835108A420CD90020E6E73DB13D
:1066F0009EB104F11400074600F086F868B906E080
:106700000020DBE70191406800906D1CDFE7384610
:1067100000F066F808B1002728E00020CEE76A46BE
:1067200001A9304602F0A4F8F0B1A16819B90198A6
:106730002060C4F80480DDE9002010440838A0601F
:10674000C0F80080A068C0F804800198A2680260C8
:10675000009A083A426001B10860E1684068084464
:10676000E0602069401C20617F1C0836AF42D6D310
:106770002069A3E7B0CE002070B50D46002801D0F7
:10678000044600E0074C04F11400064600F04AF805
:106790002946204602F050F83046BDE8704000F02F
:1067A00038B80000B0CE00202DE9F0410D46164665
:1067B000002801D0044600E0084C04F1140007460C
:1067C00000F030F832462946204601F0D5FF044655
:1067D000384600F01EF82046BDE8F081B0CE00201B
:1067E0001FB50446074890E80E00C0688DE80E000B
:1067F0000390684600F0ACFC2060002800D0012027
:1068000004B010BDDCBB00080068002800D00120E7
:10681000704710B5006800F0E7FC08B1002010BD1B
:10682000012010BD10B500684FF0FF3100F062FC90
:1068300008B1002010BD012010BD00000CB50028DB
:106840001BD0124A0168914217D18169D24391420B
:1068500013D1416889B1816879B102690192C06838
:106860000090DDE9002090420DD0DDE90002904269
:1068700005D9DDE90001411A05E000200CBDDDE984
:106880000020801A091A481E0CBD0000EFBEADDEC4
:106890000CB5002816D0134A0168914212D18169C3
:1068A000D24391420ED1416861B1816851B1026910
:1068B0000192C0680090DDE90020904205D14FF0C0
:1068C00000000CBD4FF000000CBD04D9DDE9001044
:1068D000A0EB01000CBDDDE90002A0EB0200A1EB82
:1068E00000000CBDEFBEADDE70B504460D46164689
:1068F000002C0DD065B15EB11C212046F9F718FDC2
:10690000A660656003482060C043A061012070BD9F
:10691000002070BDEFBEADDEF8B5044616460F464A
:10692000002C40D0224A206890423CD1A069D2433A
:10693000904238D16068A0B3A06890B389B386B3A1
:106940002046FFF7A5FFB04200D2064656B3E068E6
:106950000090A0680099451AB54200D3354660689A
:1069600000992A4601443846F9F7BBFC00982844B0
:106970000090761B2EB1781932466168F9F7B1FCA8
:106980000096A0680099884201D8002000900098E5
:10699000E06063691BB1AA19002120469847A81935
:1069A000F8BD00E001E00020FAE70020F8E7000071
:1069B000EFBEADDEF8B5044616460F46002C40D0BB
:1069C000224A206890423CD1A069D243904238D1FB
:1069D0006068A0B3A06890B389B386B32046FFF780
:1069E0002DFFB04200D2064656B320690090A06841
:1069F0000099451AB54200D33546606800992A4689
:106A000008443946F9F76DFC009828440090761B3D
:106A10002EB1791932466068F9F763FC0096A068D8
:106A20000099884201D80020009000982061636995
:106A30001BB1AA19012120469847A819F8BD00E00A
:106A400001E00020FAE70020F8E70000EFBEADDE2D
:106A500008B5314C00202070FDF740FDFDF73EFDEC
:106A60002E490020FFF71EFEFAF780FDFDF774FEA9
:106A70002B48016841F400110160016801F4001124
:106A80000091016841F480110160006800F48010F9
:106A9000009023481038016841F40011016000683B
:106AA00000F400100090FDF7B1F8FCF7E5FFFDF7EA
:106AB000F3FCFDF70DFBFDF78BFBFDF72BFCFDF762
:106AC00083FCFDF723FAFDF757FAFDF759FCFDF7B4
:106AD000B5FBFDF7E9FBFDF7CBFAFCF7BBFFFDF7D4
:106AE00081FAFCF779FFFDF77BF9FDF7B9FCFDF7BB
:106AF000E9F9FDF795F9FDF7A9F9207810B909A092
:106B0000FEF7FCFC00F0C8FD00F018FAFCF7DAFF15
:106B100000F028FAFEE70000E8000020FC0000205A
:106B20004038024053746172742E2E2E0D0A0000FC
:106B300010B50F4A00230029106803DDC3631068F5
:106B4000016409E005DA0364C1F100001168C8635B
:106B500002E0C363106803644FF008010448FCF7C7
:106B60002FF8BDE810400C210148FCF729B80000BF
:106B70000C07002010B50F4A00230029106803DD20
:106B800043631068816309E005DA8363C1F10000A3
:106B90001168486302E04363106883634FF00001AB
:106BA0000448FCF70DF8BDE8104004210148FCF74B
:106BB00007B800000C07002010B50C460021134850
:106BC000FCF76CF804211148FCF768F800210F4825
:106BD000002C04DD02689163006844630BE006DA70
:106BE000026851630068C4F10001816303E0026838
:106BF0005163006881634FF000010448FBF7E0FF38
:106C0000BDE8104004210148FBF7DABF440B002027
:106C100010B50C4600211448FCF740F80021134839
:106C2000FCF73CF800201049104A002C04DD0968EC
:106C30004863106844630BE006DA12685063096821
:106C4000C4F10000486303E00968486311684863C1
:106C50004FF000010448FBF7B3FFBDE810400021EE
:106C60000248FBF7ADBF0000F80B0020AC0C002081
:106C70002DE9F0412DED048B00244EF660266F4D7A
:106C80004FF48267F1EE088A9FED6D9ADFED6D9A01
:106C9000BFEE008A48226C490020FFF785FD45F8C9
:106CA0002400FFF755FB55F82400066155F8240031
:106CB000C76355F82400C0ED108A55F8240080ED14
:106CC000089A55F82400C0ED099A55F8240080ED83
:106CD0000A8A55F8240080ED0B8A641C042CD9DB49
:106CE00029685A4848645A4E002430684462306823
:106CF000016841F0010101603068416C41F40041DC
:106D000041645449086844620868A71E076108681E
:106D1000C26842F00102C2600868016841F00101E6
:106D200001603C214B48FBF7C1FC69684A48486454
:106D3000306844623068016841F0010101603068E8
:106D4000416C41F400414164444908684462086868
:106D500007610868C26842F00102C2600868016801
:106D600041F0010101603C213C48FBF79FFCA96810
:106D70003B4848643B49086844620868026842F03E
:106D8000010202600868416C41F4004141643649E7
:106D900008684462086807610868C26842F0010236
:106DA000C2600868016841F0010101603C212E4881
:106DB000FBF77CFCE9682D4848642D4A1068446262
:106DC0002C49086844621068036843F001030360BB
:106DD0000868036843F0010303601068426C42F4E2
:106DE000004242640868416C41F400414164224918
:106DF00008684462086807610868C26842F00102D6
:106E0000C2600868016841F0010101603C21164838
:106E1000FBF74CFC19490868446208680761086878
:106E2000C26842F00102C2600868016841F00101D5
:106E30000160BDEC048BBDE8F081000054D300205C
:106E400000000000000010C2FC000020316B0008B0
:106E50000C070020DC090020756B0008C00700202B
:106E6000B96B0008440B002028090020116C0008B1
:106E7000F80B0020AC0C002074080020900A0020C1
:106E800002F0ACFF1E4E1F4C1F4D4FF0FF374FF46A
:106E9000FA78206802F00AFC0121206802F0D4FC94
:106EA0000021206802F0CDFC1849206802F0B9FCEE
:106EB0003946286800F01EF9114B09221B1D0021DC
:106EC000206802F085FC0E4B14221C330021206840
:106ED00002F07EFC32684AB10DA11048FEF71EFB9D
:106EE0000E4B1F220021206802F072FC206802F085
:106EF0008EFC286800F078F9404600F011F8C8E7E9
:106F0000380100201C01002034000020ECBB0008E8
:106F10004241543A25646D7600000000D46F012090
:106F200010B5EFF30581002902D06FF0050403E0EE
:106F3000002408B103F062FC204610BDEFF3058089
:106F4000002802D06FF0050070470548016811B1B4
:106F50004FF0FF30704701210160002070470000B2
:106F6000B800002010B5EFF30580002802D06FF0C4
:106F7000050010BD07480168012902D04FF0FF301D
:106F800010BD054A002111700221016003F0EEFCE2
:106F9000002010BDB80000201FED00E0F8B51D4630
:106FA0006FF003036FF002064FF00004EFF3058269
:106FB000C2B108B101B10DB11C4621E0002200921E
:106FC0006A4604F007F9012801D0344618E0009819
:106FD000B0B10C494FF080500860BFF34F8FBFF342
:106FE0006F8F0DE048B141B12A4604F055F80128F1
:106FF00006D025B16FF0010402E01C4600E03446E3
:107000002046F8BD04ED00E0F8B514464FF0000549
:10701000EFF30582002A33D190B389B3521EB4B185
:10702000A3685BB1E668502E08D3266936B167695C
:1070300000FB01F6B74201D3012209E043B9E3683E
:1070400033B9236923B9636913B9002200E0002230
:10705000012A01D042B10BE000220092A36822690C
:1070600003F01BFE054603E0002203F0F4FD054695
:1070700035B10CB1216800E00021284603F05AFB2D
:107080002846F8BDF8B51D466FF003036FF0020601
:107090004FF00004EFF30582CAB108B101B10DB1A0
:1070A0001C4623E00022009200236A4603F024FFDE
:1070B000012801D0344619E00098B8B10C494FF0CE
:1070C00080500860BFF34F8FBFF36F8F0EE050B159
:1070D00049B100232A4603F05DFE012806D025B100
:1070E0006FF0010402E01C4600E034462046F8BD83
:1070F00004ED00E02DE9F04102460D4622F00100CA
:1071000002F001014FF00004EFF305820AB1A41F61
:107110001BE060B16FF001066FF0020761B1294614
:1071200004F064F9012810D025B134460DE06FF069
:1071300003040AE03C4608E0294604F099F80128D7
:1071400003D00DB1344600E03C462046BDE8F08156
:1071500070B504464FF00005EFF3058088BB0CB115
:10716000606800E00020C10701D0012600E0002691
:10717000000737D44FF0FF305CB1A16821B1E2685D
:10718000502A01D3012005E021B9E16811B900209E
:1071900000E00020012801D068B117E02EB10420E2
:1071A000A16803F04AFD054610E00120A16803F044
:1071B00044FD05460AE02EB1042003F032FD0546E9
:1071C00004E00FE0012003F02CFD054635B10CB1C1
:1071D000216800E00021284603F0ACFA15B10EB199
:1071E00045F00105284670BD70B5014621F001004B
:1071F00001F001014FF00004EFF305820AB1A41F72
:1072000014E040B16FF0020541B103F024FF012802
:107210000CD02C460AE06FF0030407E000231A4666
:10722000194603F0B7FD012800D02C46204670BD5A
:10723000F8B50D460024221F561C002805D0EFF398
:107240000581C1B11DB114461FE014461DE00021A7
:1072500000916A4603F0BEFF012801D0344614E0D5
:10726000009890B10A494FF080500860BFF34F8FEB
:10727000BFF36F8F09E0294603F0FAFF012804D01D
:1072800015B16FF0010400E034462046F8BD00005F
:1072900004ED00E0F8B50E4614464FF00005EFF39C
:1072A000058100294DD1B8B386424AD84A1E5CB147
:1072B000A36823B1E168502901D3012205E023B975
:1072C000E16811B9002200E00022511C39D00128E8
:1072D00009D0012A2BD0314603F064FC0546DDB10C
:1072E0005CB321682AE0012A17D003220021012083
:1072F00003F0B1FC0546002DF1D0002EEFD00023A5
:107300001A461946284603F045FD0128E7D02846CD
:1073100003F022FA0025E2E713E0032000900022A8
:1073200011460120A36803F0B8FC0546E3E73146A7
:10733000A26803F055FC0546D1E70021284603F07A
:10734000F9F92846F8BD000038B50024E51E0028EC
:107350000BD0EFF30581B1B100210091694603F034
:107360002BFE012804D02C4615E06FF0030412E038
:10737000009880B109494FF080500860BFF34F8FEB
:10738000BFF36F8F07E000231A46194603F002FD92
:10739000012800D02C46204638BD000004ED00E056
:1073A0002DE9FF470B464FF00008CDF80C80EFF3B6
:1073B000058199BB90B3802618240025691E72B3FD
:1073C000176807B13D46976907B13C46671E382FDD
:1073D00002D21779FF0703D0002004B0BDE8F08780
:1073E000576907B1BE08D2F808C0BCF1000F0CD035
:1073F000D2F80C90B9F15C0F07D3D2F81090B9F124
:10740000000F02D00FB101210BE0BCF1000F08D139
:10741000D76837B9176927B9002102E01BE0FFE7F9
:107420000021012901D059B115E09168126902913A
:10743000CDE900423246294604F06AF803900AE09A
:1074400003A9CDE90041B2B2294604F02FF8012882
:1074500001D0CDF80C800398BFE700002DE9FC4770
:107460000746884691461C464FF00006EFF305801C
:1074700088BB87B3082001F08DFA0546280035D077
:107480002F60C5F80490B8F1000F0ED001224FF024
:10749000FF31002084B1236803B11846A36833B1DB
:1074A000E7682C2F03D3012107E00022EFE723B97F
:1074B000E36813B9002100E000210E4B012901D03F
:1074C00051B10FE0A168CDE900312B46012104F054
:1074D0000BFA064606E009E000932B46012104F072
:1074E000E9F9064616B9284603F0B6F83046BDE875
:1074F000FC870000DF4D000808B5EFF30583002B83
:1075000002D06FF0050008BD50B100230A460421E7
:10751000009304F037FA012805D06FF0020008BD8F
:107520006FF0030008BD002008BD001D811C4278DB
:10753000104602F057B8011D0079012803D1B1F8B7
:107540000100FEF7B5BD704708B541890091038978
:10755000C288818802480068FEF7ECFC08BD000084
:10756000F400002070B50E46124CD4F84851D4F8FF
:10757000480180F00100C4F848010F48FBF70CFCFB
:10758000D4F848014FF4807204EB8000D0F83C112D
:107590000948FBF7CEFB04EB85003246D0F83C11DE
:1075A000D4F85001FFF706FA04480068BDE87040BF
:1075B000FFF7CABE64D500203C0F00203C0000202D
:1075C00010B5114C0020D4F85811FFF7D5F80F482A
:1075D00000231A4604F5AC710068FFF7DFFC28B100
:1075E0000B480068BDE81040FFF7AEBE094A012114
:1075F0000948FBF71DFED4F858110748CA78BDE8C2
:107600001040521DFBF790BE64D500201C000020E6
:1076100038000020C17500083C0F002010B5154A45
:107620000121154800F010FA144A0221124800F016
:107630000BFA134A0321104800F006FA114A0521FB
:107640000D4800F001FA104A04210B4800F0FCF943
:107650000E4A0021084800F0F7F90D4A0B210648B0
:1076600000F0F2F9BDE810400A4A0A21024800F091
:10767000EBB90000F976000864D5002049750008D0
:1076800025770008917A00084178000837750008CE
:107690002B750008E977000870B54FF4AE711348F8
:1076A000F8F746FE114C0020D83404F8D80C2066B8
:1076B000A4F53671616601F58071A1664FF48071A1
:1076C000E1662067CD002A460949FFF76DF860673B
:1076D0001C2207490020FFF767F8A0672A46616F60
:1076E000FFF702F90348E06770BD000064D5002091
:1076F000FC000020B98E000830B4001D0178491E3E
:10770000CCB2022C09D2401C8388428801880448EC
:1077100050F8240030BCFEF7F3BE30BC70470000C8
:107720003CD3002070B504462C480126017800297E
:1077300002D10670FFF79CFA20799FED290A294DA6
:1077400006280AD2DFE800F0030A1B21093061791C
:10775000D4F8060055F82110086270BD241D0021E0
:1077600009E001EB81002044D0F80320807855F82F
:1077700020000262491C60788842F2DC70BD6079AA
:1077800055F8200080ED080A70BD241D00216078A6
:1077900006FA01F2104203D055F8210080ED080AE4
:1077A000491C0429F3DB70BD0026607958B101281B
:1077B00004D0022804D0032804D004E0012602E00B
:1077C000022600E003260024314655F8240001F08B
:1077D000C1FE641C042CF7DB70BD000034010020E6
:1077E0000000000054D3002070B5041D114D4FF06F
:1077F000FF312868FFF77EFC20780026012802D0A0
:10780000022811D108E06278A11C0B48F8F769FD45
:10781000607809490E5407E06278A11C0748F8F720
:1078200060FD607805490E542868BDE87040FFF798
:10783000DBBC0000340000203C010020540100208B
:107840007FB50179364E0A291CD2DFE801F01B050D
:107850001B1C1B2B1B441B52051D00240FE004EBBB
:10786000440041190879042808D8401EB5F80120C1
:10787000B1F8051056F8200001F09DF9641CE87875
:10788000A042ECDC7FBD001DC378042BFAD85B1E40
:10789000B0F80120818856F8230004B0BDE870409C
:1078A00001F089B9001D41780429EBD84A1E56F829
:1078B0002220928903928DF8001000788DF8010043
:1078C000BDF80C00ADF8020004236A4619461548BD
:1078D00000F08CFA7FBD001D4278042AFAD8521EAF
:1078E00090F9021056F8220004B0BDE8704001F093
:1078F00057B9001D41780429ECD84A1E56F82220B9
:1079000012798DF8041000788DF805008DF80620A6
:10791000032301AA0421034800F068FA7FBD000098
:10792000C0D6002064D500202DE9F04391B0044674
:10793000D4F85001FEF7ACFF01AF4FF00008661D10
:107940007BE0402800D94020D4F85031024601A9FC
:107950001846FEF7E1FF8146002568E020780628FA
:1079600062D2DFE800F0030B131F2938785DAA28E4
:1079700002D00020207059E00120FBE7785D5528F7
:1079800002D00020207051E00220FBE7785D0C2837
:1079900001D2032000E000202070032846D1785D4A
:1079A000E07043E0785D207120B104202070C4F8BD
:1079B00038813BE00520F9E7D4F83811785D885527
:1079C000D4F83801401CC4F83801217988422DDBF5
:1079D000052020702AE02179785D88552179E01C06
:1079E000891CFEF76BFBC0B22179895D814213D1FE
:1079F000E07804EB8000D0F8080168B111480A2251
:107A0000012380681146FEF77BFDE07804EB8000DF
:107A1000D0F80811601C884740F20511601CF8F787
:107A200087FC84F8008001E084F800806D1C4D45DF
:107A300094D3D4F85001FEF72BFF002881D111B068
:107A4000BDE8F0833CD300200C2903D200EB810079
:107A5000C0F80821704700000A4C00212068FFF799
:107A6000E7FB0949002081F83C0000F091F94FF054
:107A7000FF3529462068FFF7DBFB0448FFF754FF7A
:107A8000F7E700003C0000203C0F002064D50020F8
:107A90007FB501790022122977D00CDC11291BD285
:107AA000DFE801F01A3B1A4E1A5B1A751A941AACE9
:107AB000B2B81A1ACF00322968D00EDC20297CD047
:107AC00022297BD024297AD0302905D10389C28884
:107AD0004179994801F0A6FB7FBD342970D0362941
:107AE0006FD038296ED03A29F6D10092041D6A462B
:107AF0006178914801F0D5FA03462278617801A8AF
:107B000000F01EF99DF800008DF80700042301AA7B
:107B100005218A4800F06AF97FBD051D00240BE0AD
:107B200004EB44002844B5F80130B0F80520017991
:107B3000814801F0CDFB641CE878A042F0DC7FBDF9
:107B4000051D002405E0281981787B4801F029FCF7
:107B5000641C6878A042F6DC7FBD0092041D6A4672
:107B60006178754801F06BFA03462278617801A8C4
:107B700000F0E6F8BDF80000ADF80700052301AA03
:107B800019466E4800F032F97FBD60E099E000923E
:107B9000041D6A466178684801F09CFA0346227821
:107BA000617801A800F0CCF8BDF80000ADF807003E
:107BB000052301AA1946614805E05FE064E07BE027
:107BC00096E09CE0B2E000F011F9DDE70092041DC0
:107BD0006A466178584801F04BFA0346227861788A
:107BE00001A800F0ADF89DF800008DF8070004230F
:107BF00001AA0521514800F0F9F8C5E741790022B2
:107C00004D4801F0A3F9BFE7417901224A4801F04C
:107C10009DF9B9E7041D6A466178474801F0F6F915
:107C200003462278617801A800F08AF89DF80000E8
:107C30008DF80700042301AA0521404800F0D6F87A
:107C4000A2E7827941793C4801F02FFB9CE7041DB3
:107C50006A466178384801F0C0F9034622786178B5
:107C600001A800F06DF89DF800008DF807000423CE
:107C700001AA0521314800F0B9F885E782794179F8
:107C80002D4801F0FFFA7FE70092041D6A466178F3
:107C9000294801F089F903462278617801A800F0AB
:107CA0004FF89DF800008DF80700042301AA052174
:107CB000224800F09BF867E741791F4801F0A2FADB
:107CC00062E70092041D6A4661781B4801F051F991
:107CD00003462278617801A800F032F80098CDF8C8
:107CE0000700072301AA0521144800F07FF84BE79D
:107CF0000389C2884179104801F022FB44E70092D1
:107D0000041D6A4661780C4801F0FDF903462278AB
:107D1000617801A800F014F80098CDF80700072357
:107D200001AA0521054800F061F82DE78279417923
:107D3000014801F0EDFA27E7A06F012064D500208B
:107D400001704270837070472DE9F04106460F467E
:107D50001546AA1D0D490020FEF726FD04468CB1EC
:107D6000AA20207055206070E570A6702A4639461A
:107D7000201DF8F7B6FAA81C81B2A01CFEF79EF9E8
:107D8000611908712046BDE8F0810000040100205F
:107D900010B51248FBF700F8114A04210F48FBF711
:107DA00047FA10490D48FBF79BFA0F48D0F84811E5
:107DB0004FF4807200EB8100D0F83C110748FAF7CD
:107DC000B8FF064A10680C3050E8001F41F020014F
:107DD00040E80013002BF5D110BD00003C0F00203F
:107DE000657E00086575000864D5002010B504465E
:107DF000084611461A46FFF7A7FF014629B120465B
:107E0000D4F85421BDE8104010476FF0010010BDB8
:107E10000F4A01210F48FBF70BFA104C0E4E104F82
:107E20004FF0FF3504F5AC7829463068FFF700FACB
:107E30002B46002241463868FFF7B0F80028F3D1FE
:107E4000D4F858110348CA78521DFBF76DFAEBE7D6
:107E5000C17500083C0F00203800002064D50020C8
:107E60001C000020FFF794BFDFED081AC0ED001AD8
:107E700080ED010AC0ED020A80ED031AC0ED041A7C
:107E8000C0ED051AC0ED061A7047000000000000A2
:107E900090ED001A31EE400A90ED041A60EE201ABF
:107EA000D0ED052AB0EE003AB0EE402A02EEC32A29
:107EB00072EE012A82EEA02AD0ED010AD0ED022A4C
:107EC00060EE800A42EEA10AD0ED031A41EE820A6A
:107ED000C0ED060A80ED051A80ED040A7047000027
:107EE0002DE9F04104460F46134EF5683068001D39
:107EF00002F01EFB601C07D137B13168BDE8F041CC
:107F0000091D0E4802F066BB2C4430684460AC4248
:107F100006D23168B06B091DBDE8F04102F042BBEA
:107F20003168706B091D02F03DFBB06A844200D2DB
:107F3000B462BDE8F0810000680000201416002043
:107F400070B5044602F052FB1C4DA868401CA860A6
:107F5000286810B1686938B10CE02C60A868012865
:107F600008D100F0D9F905E02868E16AC06A8842C2
:107F700000D82C60686A401C68626064E06A296905
:107F8000884200D928610E4900EB800001EB800097
:107F9000211D02F01FFB02F049FB686900280CD08C
:107FA0002868E16AC06A884207D206494FF08050CB
:107FB0000860BFF34F8FBFF36F8F70BD6800002064
:107FC0006411002004ED00E038B502F00FFB104C06
:107FD0002068C8B90F4802F0D7FA0E48143002F0F2
:107FE000D3FA0C48E060143020610A4B0020F03BCB
:107FF000009003F1500210210A2002F04EFE206092
:1080000010B105A102F096FBBDE8384002F00EBBAE
:10801000A400002018170020546D725100000000C9
:1080200070B50C4D0C4E11E002F0E0FAF068C46837
:10803000201D02F07DFAA868401EA8606868401EF6
:10804000686002F0F3FA204600F053F868680028F0
:10805000EAD170BD680000200016002030B40B4645
:10806000026C002A0CD0C1681144C1608468A1422E
:1080700001D30168C160C16830BC1846F8F731B956
:1080800030BC70472DE9F041044617460026A56B29
:10809000226C002A10D0C7B1E068F8F722F9E16835
:1080A000206C091AE1602268914202D2A168081A84
:1080B000E060022F16D017E02068A8B9A06803F08E
:1080C000DDFA06460020A0600EE06068F8F709F9C6
:1080D000216C606808446060A168884204D320680D
:1080E000606001E005B16D1E6D1CA5633046BDE802
:1080F000F08110B5044694F8590000280BD00128EF
:1081000011D0022814D0502080F31188BFF34F8F74
:10811000BFF36F8FFEE7206B02F09EFA2046BDE8AA
:10812000104002F099BA2046BDE8104002F094BA1F
:1081300010BD416A002904D0006B0068C0F138000E
:1081400070470020704700000749CA68116800297D
:1081500004D00021016019B1002070470121F9E726
:10816000D068006870470000A40000204FF4A041D0
:108170000F48420706D0C01D20F007000C49411AE5
:10818000C1F5A0410B4A1060002353600144083937
:1081900021F00701183A11604B600B600B1A436025
:1081A00001604068906050604FF00040506170473F
:1081B000F8790020D4000020084E4FF08054084D7C
:1081C000FFF72EFF3068012804D92C60BFF34F8FD2
:1081D000BFF36F8F02F0D6F9F2E7000064110020C0
:1081E00004ED00E0002808D0002181600160C1603A
:1081F00000231A46194602F0CDBD704770B51D46E2
:10820000049C002909D02260E063216401212046FA
:1082100002F07AFD84F84C5070BD2460F4E72DE93B
:10822000F05F8246DDE90A590C9C0E4617469B46D4
:10823000B900A522206BF8F774F8206B7F1E00EBC5
:10824000870020F00707780707D0502080F31188B7
:10825000BFF34F8FBFF36F8FFEE74FF0000866B19B
:1082600000202218315C82F83410315C11B1401CBE
:108270001028F6D384F8438001E084F83480382D48
:1082800000D33725E562E564C4F85080201D02F074
:1082900086F904F1180002F082F92461C5F1380072
:1082A000A0616462C4F8548084F858805A465146EC
:1082B000384600F0DFFC2060B9F1000F01D0C9F8AA
:1082C0000040BDE8F09F2DE9F0470646DDE908943F
:1082D0000D4617469846002D15D0002C11D0FFF7FB
:1082E00073FE2660A561C4F81C80C4F82090201D90
:1082F00002F055F9002F04D014F8280F40F00400C4
:108300002070BDE8F087502080F31188BFF34F8FB5
:10831000BFF36F8FFEE7000070B50024114D04EB32
:10832000840005EB800002F02FF9641C382CF6D392
:108330000D4802F029F90C48143002F025F90A48DA
:10834000283002F021F908483C3002F01DF90648B7
:10835000503002F019F90548034941631431816333
:1083600070BD000064110020C415002068000020CA
:1083700030B5134900E011460A688242FBD34B68CE
:108380005C18844203D140681844486008460D6870
:1083900044682318AB420DD1094B183B1B689A4225
:1083A00006D05268224442600A681268026002E005
:1083B000036000E00260814200D0086030BD000030
:1083C000D400002070B50024416000610C4D914242
:1083D0000AD8D11A8269914201D301240EE0011D0D
:1083E000286902F0DFF809E09A4203D2994201D3EA
:1083F000012403E0011DE86802F0D4F8204670BDB6
:10840000A400002010B5044602F0F0F8A06B20B1E3
:10841000002402F00BF9204610BD0124F9E710B545
:10842000044602F0E3F8A06BE16B884201D101241D
:1084300000E0002402F0FAF8204610BDF8B5054629
:108440000E461748C068C068C468201D02F070F866
:1084500094F82800410718D5A0692B4641193246E7
:108460002046FFF7AFFFA0B1002003460146009071
:108470002A46204603F086FA58B9502080F3118826
:10848000BFF34F8FBFF36F8FFEE720F0010084F83A
:108490002800216A01B02046BDE8F04008470000EE
:1084A000A400002030B587B03C4D6EE00398002852
:1084B00003DADDE90420069990470398002864DB7D
:1084C000059C606910B1201D02F032F802A800F08E
:1084D000AFF8024603980A2857D2DFE800F00505F6
:1084E000052D334A05052D3394F8280040F001008E
:1084F00084F828000498A169034601442046FFF748
:1085000061FF68B3216A2046884794F82800400735
:108510003BD5002000900498A16900234218194619
:10852000204603F02FFAD8B9502080F31188BFF30A
:108530004F8FBFF36F8FFEE714F8280F20F0010074
:10854000207022E094F8280040F0010084F8280010
:108550000498A06128B1811813462046FFF732FF26
:1085600013E0502080F31188BFF34F8FBFF36F8F5C
:10857000FEE794F82800810703D4204602F06CF847
:1085800003E020F0010084F82800002203A92868F5
:1085900002F082FD002889D107B030BDA400002080
:1085A000F8B506460D4602F029FA684600F040F894
:1085B0000446009810B103F019F9F8BD45B9A64278
:1085C00006D803F013F921463046FFF737FFF8BD10
:1085D0000C481DB10169096891B10025311B2A467B
:1085E000006802F0E7F803F001F90028EFD106492E
:1085F0004FF080500860BFF34F8FBFF36F8FF8BD0F
:108600000125EBE7A400002004ED00E00748416BE2
:108610000968002905D0416BC968C9684968816249
:1086200070474FF0FF318162704700006800002002
:1086300070B5054602F0AEFF0446074EB0688442AE
:1086400004D200F00BF80120286001E0002028602F
:10865000B460204670BD0000A4000020F8B51A4E9A
:1086600020E0C0680568C468201D01F061FF216A30
:108670002046884794F82800400713D5A06928446D
:10868000A84206D960602461211DF06801F08AFFCC
:1086900008E000200346014600902A46204603F0E9
:1086A00071F940B1F06801680029DAD1F0683169E8
:1086B000F1603061F8BD502080F31188BFF34F8F17
:1086C000BFF36F8FFEE70000A40000200948406858
:1086D000401C07D0502080F31188BFF34F8FBFF3A9
:1086E0006F8FFEE7502080F31188BFF34F8FBFF3E9
:1086F0006F8FFEE7DC00002008B56846FFF724FD19
:108700000099FFF74DFFFFF7CDFEF6E72DE9F041A9
:10871000044601F06BFF94F9455004F1240609E08A
:10872000606A48B1304603F025F808B102F096F8C7
:108730006D1E6DB2002DF3DC4FF0FF3684F84560FE
:1087400001F074FF01F052FF94F9445004F1100756
:1087500009E0206948B1384603F00CF808B102F08E
:108760007DF86D1E6DB2002DF3DC84F84460BDE829
:10877000F04101F05BBF00002DE9FC4107460846CF
:10878000D21D22F007060836B968002906D0082E47
:1087900006D0002E06DA0020BDE8FC810020FBE7B1
:1087A0000020F9E73D462C6838B36A4601A900F07D
:1087B0005FF818B1DDE900010A1813E00020EBE7CB
:1087C000206810B1BB68A34201D10020E4E78C42CD
:1087D00006D3A24201D80020DEE76368B34210D27C
:1087E00025460446002CEBD10BE0206808B1A142DD
:1087F00001D10020D0E72546044614B16068B0429C
:10880000F3D3A4B104F1080820682860F86861680F
:10881000401AF86032462146384600F079F8606820
:1088200040F000406060034820604046B4E700200C
:10883000B2E70000EFBEADDE30B4002901D0083948
:1088400000E0002100290FD04A68002A0CDA074C0A
:108850000B68A34208D122F000424A60C3681A4460
:10886000C26030BC00F028B830BC7047EFBEADDE4F
:1088700030B500280BD051B14AB100230B60136012
:10888000436823F00703102B03D2002030BD0020E3
:1088900030BD00680446450706D000F00705C5F165
:1088A00008052844041B1B1B102B03D3086013600E
:1088B000012030BD002030BD70B5002927D0024610
:1088C00000E01A4612B113688B42FAD3002A1ED078
:1088D00053689C188C4203D1496819445160114671
:1088E000136883B15D6875B14C6866189E420AD101
:1088F0008068834201D1086006E060194860106812
:108900000068086000E00B608A4200D0116070BD12
:1089100070B50C460021636803F0004523F0004366
:108920009B1A082B09D3A1184B606260C2684B6880
:108930001A44C260FFF7C0FF012135B12CB1606855
:1089400040F00040606002482060084670BD0000B2
:10895000EFBEADDE00680A4A012806D0022809D021
:10896000002390681A46FEF78DBB002310681A4654
:10897000FEF788BB002350681A46FEF783BB000051
:1089800048D30020024800231A464068FEF77ABB0D
:10899000F40000202DE9F0410546002602F02EF8F3
:1089A000324F386808B9FFF7E1FB786905424DD1CD
:1089B0008DB1083568070ED005F00700C0F108003A
:1089C0000544680707D0502080F31188BFF34F8F0C
:1089D000BFF36F8FFEE7CDB37868854236D8234961
:1089E00018310846046801E0214604466068A84240
:1089F00002D220680028F7D13868844226D00E6859
:108A00000836206808606068411B10290ED960197B
:108A1000420707D0502080F31188BFF34F8FBFF378
:108A20006F8FFEE741606560FFF7A2FC61687868C0
:108A3000401A7860BA68904200D2B8607869014301
:108A4000616000202060F868401CF86002F0CEFEF3
:108A5000700707D0502080F31188BFF34F8FBFF30A
:108A60006F8FFEE73046BDE8F0810000BC000020BB
:108A700004490868002803D00868026D521C02658A
:108A8000086870476800002010B50446002806D02A
:108A900001F0ACFDE46901F0C9FD204610BD502095
:108AA00080F31188BFF34F8FBFF36F8FFEE7000095
:108AB000C2B24FF400610148F8F7F9BA0000024071
:108AC000C2B24FF480510148F8F7F1BA00000240F9
:108AD000C2B24FF480710148F8F7E9BA00080240C9
:108AE000C2B24FF400710148F8F7E1BA0008024041
:108AF00010B590F821100024002926D080F82140DC
:108B000041691422B1FBF2F3C361D0E90212914230
:108B100007DD511A00EE101AB8EEC00A80ED060A01
:108B200006E0511A00EE101AB8EEC00A80ED060AEF
:108B300000EE103AD0ED060AB8EEC00A80EE801AB8
:108B400080ED061A012180F8201090F8201091B1D4
:108B5000C169491EC16199B100EE101AD0ED060A33
:108B60008268B8EEC00A20EE800ABDEEC00A10EEA0
:108B7000101A1144C1604268C1681144016110BDFE
:108B80008168C16080F82040F5E710B504462821CF
:108B90002046F7F7CDFB40F2DC50E060206110BDCD
:108BA0006FF06302914201DA114602E0642900DDB0
:108BB000642141607047142A01D2142204E047F274
:108BC00030539A4200D91A4640F6C413994201D94B
:108BD000194604E04FF4FA73994200D219468160B5
:108BE0004261012180F821107047000070B5002417
:108BF000194D282219490020FDF7D6FD45F824001B
:108C0000FFF7C3FF641C042CF3DB29681448486297
:108C1000696814484862A96813484862E9681348BB
:108C2000486213480021026851620268891E11617E
:108C300002686FF0020111610168CA6842F0010226
:108C4000CA600168CA6842F00202CA60006801682E
:108C500041F00101016070BDC0D60020FC00002081
:108C6000B18A0008C18A0008D18A0008E18A000898
:108C7000140E002024384FF08073036221F00101AC
:108C8000C1610449816142606FF0020140F820191E
:108C900070470000CD86000810B5B021602001F0BB
:108CA000E9FE0A20FEF73CF9A2210A2001F0E2FECB
:108CB00040F69800FEF734F900210A2001F0DAFEB0
:108CC000BDE810406420FEF72BB908B500220092E1
:108CD000014602236A46D420FAF7F1FC9DF8000011
:108CE0009DF8011040EA012008BD08B5002200925D
:108CF000014601236A46D420FAF7E1FC9DF8000002
:108D000008BD00002DE9FF4705460C463520FFF75A
:108D1000DCFF0FFA80FAADF808A03720FFF7D5FF87
:108D200007B2ADF80A703920FFF7CFFF0FFA80F8CD
:108D3000ADF80C803B20FFF7C8FF0FFA80F9ADF8C3
:108D400000903D20FFF7C1FF06B2ADF802603F2062
:108D5000FFF7BBFF01B2ADF80410264800EE10AAE1
:108D60000289F8EEC00A00EE102AB8EE400A80EE42
:108D7000801A85ED001A00EE107AF8EEC00A00EEB7
:108D8000102AB8EE400A80EE801A85ED011A00EE36
:108D9000108AF8EEC00A00EE102AB8EE400A80EE03
:108DA000801A85ED021A00EE109A4089F8EEC00A8A
:108DB00000EE100AB8EE400A80EE801A84ED001A28
:108DC00000EE106AF8EEC00A00EE100AB8EE400A93
:108DD00080EE801A84ED011A00EE101AF8EEC00A37
:108DE00000EE100AB8EE400A80EE801A84ED021AF6
:108DF000BDE8FF87C8D200202DE9F04104460D46AA
:108E000000272E20FFF771FF800700D001271F4E9B
:108E100017B329462046FFF775FF00222946204652
:108E2000FCF736FE94ED000A86ED050A94ED010A82
:108E300086ED060A94ED020A86ED070A95ED000A12
:108E400086ED080A95ED010A86ED090A95ED020AFC
:108E500086ED0A0ABDE8F08196ED050A84ED000A68
:108E600096ED060A84ED010A96ED070A84ED020AE2
:108E700096ED080A85ED000A96ED090A85ED010ACE
:108E800096ED0A0A85ED020AE4E70000C8D2002048
:108E900010B50648F8F75BFB482205490548F9F785
:108EA000AFF8BDE810400148F8F751BB200600209C
:108EB000F4D200202C06002013B504480A23002217
:108EC00001A90068FEF7DEF81CBD00001C000020B0
:108ED00070B504460126E6620025256125700D2146
:108EE000601CF7F725FA84F8286065620D2104F10B
:108EF0001400F7F71DFA256370BD000010B50F4888
:108F0000FFF7E6FF0D480521C1620D4901630D48D9
:108F100000210068FEF78CF90B486FF080010268B1
:108F20001160026849101160026849101160006800
:108F3000C16841F02001C16010BD0000A06F012098
:108F4000C593000848000020C80E00207FB50446E5
:108F500015461F226846FDF7D7F88DF80550012108
:108F60006846FDF7BBF8236B012269462046984707
:108F70007FBD7FB50446154615226846FDF7C4F847
:108F800000216846FDF7AAF8236B002269462046B7
:108F9000984718B14FF0FF3004B070BDE0882880CA
:108FA000208968800020F7E77FB504461546132224
:108FB0006846FDF7A9F800216846FDF78FF8236B96
:108FC000002269462046984718B14FF0FF3004B0A0
:108FD00070BDA07928700020F9E77FB504461546DA
:108FE0000E226846FDF790F800216846FDF776F8F6
:108FF000236B002269462046984718B14FF0FF3096
:1090000004B070BDA07928700020F9E77FB5044650
:10901000154620226846FDF777F800216846FDF7DF
:109020005DF8236B002269462046984718B14FF03F
:10903000FF3004B070BDA07928700020F9E77FB53B
:10904000044615461C226846FDF75EF80021684676
:10905000FDF744F8236B002269462046984718B173
:109060004FF0FF3004B070BDE08828800020F9E7A1
:109070007FB5044615461A226846FDF745F80021DB
:109080006846FDF72BF8236B002269462046984777
:1090900018B14FF0FF3004B070BDA07928700020E7
:1090A000F9E77FB50446154619226846FDF72CF806
:1090B00000216846FDF712F8236B0022694620461E
:1090C000984718B14FF0FF3004B070BDA0792870F8
:1090D0000020F9E77FB5044615461B226846FDF7D8
:1090E00013F800216846FCF7F9FF236B002269465C
:1090F0002046984718B14FF0FF3004B070BDE088AB
:1091000028800020F9E77FB50446154617226846F7
:10911000FCF7FAFF00216846FCF7E0FF236B002212
:1091200069462046984718B14FF0FF3004B070BD33
:10913000E0882880208968800020F7E7F0B5037870
:1091400000265522072B59D2DFE803F0040E181D24
:1091500028334100552905D00021017042704FF09D
:10916000FF30F0BD0121F8E7552905D0002101703D
:1091700082706FF00100F0BD0221F8E7C170032199
:1091800001700120F0BD072903D906706FF00200BD
:10919000F0BD0171042101700220F0BD4171066132
:1091A0000179062903D0052101700320F0BD0621B5
:1091B000FAE70269531C0244036191710169027963
:1091C000C91C914201D1062101700420F0BD441C4C
:1091D00000230222E578AD1C03E0A75C3B449BB270
:1091E000521C9542F9DCDA43D2B28A4203D00670AF
:1091F0006FF06200F0BD06700020F0BD06706FF0E9
:109200006300F0BD1FB5044612226846FCF77CFFE0
:1092100000216846FCF762FF236B01226946204665
:1092200098471FBD7FB5054614461E461422684662
:10923000FCF76AFF4FF47A70844200D904468642F4
:1092400001D9034600E033469C4201D9194600E0AB
:10925000214600D923468DF805104FEA11208DF8DC
:1092600006008DF807304FEA13208DF808004FF004
:1092700004016846FCF732FF2B6B01226946284641
:1092800098477FBD7FB50446154611226846FCF716
:109290003BFF8DF8055001216846FCF71FFF236B4B
:1092A00001226946204698477FBD7FB50446154692
:1092B0000D226846FCF728FF8DF80550012168460D
:1092C000FCF70CFF236B01226946204698477FBDBF
:1092D0007FB506461D464FF47A74A24200DC144660
:1092E00001226846FCF710FF8DF80540200A8DF832
:1092F00006008DF80750280A8DF8080004216846FA
:10930000FCF7ECFE336B01226946304698477FBD7F
:109310007FB50546144618226846FCF7F5FE642C16
:1093200001D9642100E0E1B28DF805100121684601
:10933000FCF7D4FE2B6B01226946284698477FBD77
:109340007FB5064614461D4616226846FCF7DCFE2D
:1093500041F29410844200D2044643F2B060854248
:1093600000D905462B469C4201D9194600E021460A
:1093700000D923468DF805104FEA11208DF806001C
:109380008DF807304FEA13208DF808004FF00401E4
:109390006846FCF7A3FE336B0122694630469847C6
:1093A0007FBD1FB504460C226846FCF7ADFE0021C8
:1093B0006846FCF793FE236B0122694620469847D6
:1093C0001FBD00002DE9F04704460F461546002654
:1093D0002848F7F792FE0D22394604F11400F6F7FB
:1093E00080FF0D21601CF6F7A3FF0020606284F867
:1093F0002850206120701F4D6FF0200728680760FB
:1094000028686FF08008C0F8008028686FF0400975
:10941000C0F800902868C16841F08001C1602868E8
:10942000C16841F04001C1602868C16841F0200175
:10943000C1601148E16A0068FDF7FAFE00B1761ECE
:109440002868C16821F08001C1602868C16821F0E6
:109450004001C1602868C16821F02001C16028680E
:1094600007602868C0F800802868C0F8009030467F
:10947000BDE8F087C80E00204800002010B52E4C33
:1094800001002C4A206818D001292AD002293CD09A
:1094900003294ED129491160012100F05BF8012117
:1094A000606800F057F80121A06800F053F8E06808
:1094B000BDE81040012100F04DB82049483111604D
:1094C000002100F047F80021606800F043F8002117
:1094D000A06800F03FF8E068BDE81040002100F00F
:1094E00039B8164924391160032100F033F80321FB
:1094F000606800F02FF80321A06800F02BF8E06806
:10950000BDE81040032100F025B80C49243111605A
:10951000022100F01FF80221606800F01BF8022110
:10952000A06800F017F8E068BDE81040022100F0E4
:1095300011B810BD1401002054D30020F46E012096
:10954000C16380ED100AC0ED090A80ED0A1AC0ED72
:109550000B1A7047002911D001291BD0022925D0F0
:1095600003292FD1F2EE081AB0EE001ADFED160A29
:109570009FED160A41F28461FFF7E2BFDFED141A96
:109580009FED141ADFED140AB7EE080A40F6787161
:10959000FFF7D6BFF0EE001AB0EE001ADFED0F0AAB
:1095A000B0EE080A40F2BC71FFF7CABFFFEE001A26
:1095B000BFEE001ADFED0A0AB1EE080A4FF482612D
:1095C000FFF7BEBF7047000000009643CDCC8C3F34
:1095D0009A9919406666264000007C4200002042AD
:1095E000000010C2F0B400220127DFF89CC045E063
:1095F00011F82230022B40D8002301EB8204C3F182
:109600000706A57807FA06F6354201D0F82500E0EE
:10961000C02511F8226006EB46060CEBC606F55491
:109620005B1C072BEBDD08236578C3F10F0607FAF7
:1096300006F6354201D0F82500E0C02511F8226079
:1096400006EB46060CEBC606F5545B1C0F2BEBDD58
:109650001023E578C3F1170607FA06F6354201D064
:10966000F82500E0C02511F8226006EB46060CEB59
:10967000C606F5545B1C172BEBDD521C8242B7DB90
:10968000F0BCFFF705BC0000F4D2002001B50122B8
:1096900069460020FAF724FF009808BD01B50122B1
:1096A00069460020FAF71CFF009808BD0168097C94
:1096B00090F8382012FB01F1C900406BF6F738BE74
:1096C0002DE9F04104460D4616461F4694F87000F9
:1096D000002806D001280AD002280ED0032817D16E
:1096E00011E0E16D20468847304486B210E0E16D1C
:1096F00020468847281A85B20AE0E16D204688474F
:10970000301A86B204E0E16D20468847284485B2CD
:109710003B46324629462046BDE8F04100F0E7BA14
:109720003FB581B00446089994F88C00002837D0E2
:10973000BDF81000002833D001280FD9022902D02B
:10974000032906D00AE0BDF80820101A401C029038
:1097500004E0BDF80C20101A401C039001F0010534
:1097600005B3B4F84810BDF80800814218D8B4F821
:109770004A10814214D9B4F84E30B4F84C2004A9F0
:1097800003A800F03BF900280AD00095206BBDF833
:109790001030BDF80C208568BDF808102046A84799
:1097A00005B030BDB4F84C10BDF80C008142F7D8BC
:1097B000B4F84E108142F3D9B4F84A30B4F84820D6
:1097C00004A902A800F01AF90028DED1E8E7000099
:1097D00030B4024C446030BC00F03FB91DA1000819
:1097E00070B51E46049B04460D46B4F84E10B4F8FE
:1097F0004C0000F017FB40B14834334661882088A4
:109800002A46BDE8704000F00DBB002070BD10B5C9
:109810000446204600F0D2FB2046BDE8104000F090
:109820003FBC10B50446A06D884209D0A16504F183
:10983000740000F05BFB2046BDE8104000F05AB811
:1098400010BD80F87010704780F86D1070470000F0
:109850000149C16570470000CD9A000800213030F1
:10986000018481844FF6FF714184C18450F830191E
:109870004968084770B5044604980025A565E36269
:10988000616384F8382084F8395084F86D5084F886
:10989000915084F88D50012184F8921084F893102F
:1098A00020630168204688472046FFF7D7FF2046FF
:1098B000FFF7CEFF84F8705070BD00007CB5054600
:1098C0000C4600931346084A0849284600F0F8FB66
:1098D00001A800F005FB0146054B00949DF804200B
:1098E0002846FFF7C7FF7CBD85A2000859A40008E1
:1098F000519E000810B5816D002918D010F9811F04
:10990000417390F901208273037B8138002B0ED0C4
:10991000012B0DD090F97E4090F980301C448C4290
:1099200001DD80F88E409A4201DD80F88F3010BD55
:1099300090F98330994201DA80F88E3090F98410E2
:109940008A42F4DD80F88F1010BD002B06D0012B69
:1099500007D0022B08D0104480B27047084480B270
:109960007047801A80B27047401A80B27047002B4F
:1099700006D0012B07D0022B08D0401A80B27047C6
:10998000104480B27047084480B27047801A80B299
:10999000704738B504465034E08800906388A28848
:1099A00034F850192046FFF71BFF18B3012084F844
:1099B0008C00B4F84810B4F85000814201D2A4F8E9
:1099C0004800B4F84A10B4F85200814201D9A4F812
:1099D0004A00B4F84C10B4F85400814201D2A4F803
:1099E0004C00B4F84E10B4F85600814201D9A4F8E6
:1099F0004E0038BD002084F88C0038BD30B5048896
:109A00000D882544ADB2AC4205D99C4202D25D1E00
:109A1000ADB200E014469C4201D3002030BD954217
:109A200001D8002030BD944200D214469D4200D996
:109A30001D460480281B0880012030BD38B5049CD9
:109A4000C58F521B92B20094C46AA04738BD38B586
:109A5000049C0094FFF7F2FF38BD2DE9F0478046E3
:109A60000C4615461E46404600F05EFD00274FF6A8
:109A7000FF79D8F8042031784046904703464B459B
:109A800002D13846BDE8F087761CA3F57F40FE384A
:109A9000EFD02A4621464046FFF712FE98F8703074
:109AA00033B1012B07D0022B08D0032B0BD108E0D8
:109AB00021188CB207E029188DB204E0211A8CB26B
:109AC00001E0291A8DB2384487B2D2E700207047EE
:109AD00010B50C46214600F006F80122641EA24093
:109AE000801A40B210BD30B5047B05682B78E34086
:109AF0006218D2B2082A09D3C4F108046D1C0560AB
:109B00002D78A5401D43EBB2083AD2B201248C4017
:109B1000641E1C400273204630BD2DE9F843054603
:109B200005F16004284600F03EF915F96B6F2046F8
:109B3000E97BFFF7CDFF8146297C2046FFF7C8FF70
:109B40008046697C6B3D2046FFF7C2FF074694F9CB
:109B50000A00002878DD06EB0800404242B2237C70
:109B60009046A0884946FFF7F0FEA080237C42463D
:109B7000E0884946FFF7FBFEE080A18802460B46DD
:109B8000104694F810C0BCF1000F09D0BCF1010FD1
:109B90000DD0BCF1020F14D0BCF1030F29D11EE08F
:109BA00094F90AC063449BB2304480B221E0891B1F
:109BB000491C89B25B1C9BB294F90AC0604480B214
:109BC00017E094F90AC0A1EB0C01491C89B25B1C97
:109BD0009BB2921B521C92B2401C80B209E03344EB
:109BE0009BB294F90AC0A2EB0C02521C92B2401C28
:109BF00080B200902846FFF7F3FD40B300202072AA
:109C0000607295F876102046FFF76DFF804695F854
:109C100077102046FFF767FF81460022414628461D
:109C200000F017F801224946284600F012F80121F9
:109C30002046FFF758FF0028EFD194F90900B04201
:109C4000DFDBA07B85F892003846BDE8F883384614
:109C5000FBE72DE9F74F84B081460D4609F160041A
:109C600094F80880677AA07AA0EB0800C6B2B246E2
:109C7000B54200D2AA46A088E1880191237C7AB23D
:109C80004FFA88F193460391FFF75FFE0290237C21
:109C90005A4603990198FFF76AFE0246069850B1AA
:109CA000A07B89F89200207C009053464846029998
:109CB000FFF736FD0BE0607B48B9E07B89F8920046
:109CC000207C0090534648460299FFF729FDB54293
:109CD00006D208EB05002072677207B0BDE8F08F6E
:109CE000A81BC5B24FF000087F1CFFB2BBE770B5E0
:109CF00004460025A4F86410A4F8662019462046FE
:109D000000F00BF8014619B12046FFF706FF85B2B7
:109D1000284670BD08440078704770B502460D466D
:109D2000906D1730FF2D13D8612D03D3B2F8881032
:109D3000084404E0412D02D3B2F88610084441786B
:109D400029B30278AA4201D1801C70BD0844F6E70D
:109D5000B2F88A100C1826460021304600F019F897
:109D600004440221304600F014F8361DA842F3D313
:109D70004FF6FF72207802EA00216078084330B184
:109D8000A84201D1E01C70BDA0780444F2E7002095
:109D900070BD084401784FF6FF7202EA0121407855
:109DA000084480B2704730B5054605F16004216073
:109DB0000020207315F8781F2046FFF794FEA0724C
:109DC00069782046FFF78FFEE072A87EA07310B17D
:109DD0000020E07330BD0120FBE7000010B59422A5
:109DE0000B490020FCF7E0FC0A4C60600A4B0B4A70
:109DF0000B49FFF763FD606800F04AF900216068D5
:109E000000F056F96068BDE81040FFF74FBC000055
:109E1000FC0000201801002079A4000869A10008B6
:109E2000FCC200088A4209D2834201D9012070474E
:109E30009A4201D90120704700207047834205D91A
:109E40009A4201D9012070470020704700207047D6
:109E50002DE9F041DDF818C002F007060124B440F6
:109E6000E7B20024002590F89280B8F1010F00D8E5
:109E70003C4600D03D4622F0070207683F7C07FBC6
:109E800002F7BAB2476B3A441144BCF1000F0AD151
:109E900008782043684001F8010B5B1E9BB2002B41
:109EA000F6D1BDE8F0810A7822436A400A70761C38
:109EB00006F007065B1E9BB236B16206140E6A06F8
:109EC000150E002BEFD1ECE7428F114490F8922051
:109ED000012A01D84FF00104F3D04FF00105F0E75B
:109EE0000821017000487047C8CE002070B50446B4
:109EF0000D4600212846FFF70DFF2070012128465E
:109F0000FFF708FF607002212846FFF703FFA070EB
:109F100003212846FFF7FEFEE07004212846FFF7E4
:109F2000F9FE207105212846FFF7F4FE6071062135
:109F30002846FFF7EFFEA07107212846FFF7EAFE4B
:109F4000E07108212846FFF7E5FE20720921284626
:109F5000FFF7E0FE60720A212846FFF7DBFEA072E1
:109F60000B212846FFF7D6FEE0720C212846FFF7AA
:109F7000D1FE20730D212846FFF7CCFE60730E2121
:109F80002846FFF7C7FEA0730F212846FFF7C2FE41
:109F9000E07310212846FFF7BDFE207411212846EA
:109FA000FFF7F7FE608213212846FFF7F2FEA0823A
:109FB00015212846FFF7EDFEE08270BD2DE9F04146
:109FC0000746002497F8386097F83950386890F8B9
:109FD00011802A462146384600F00AF8641CE4B293
:109FE0006D1CEDB2B44201D24545F2D3BDE8F0811B
:109FF00038B503681B7C446B594389B24FF6FF7533
:10A0000005EAC10121440091002100F032F838BD79
:10A01000F0B5016890F838204FF6FF7606EAC203E3
:10A0200083870B7C06EAC303438790F8393006EA3E
:10A03000C304C4874D7C9F18AF4201D9EA1A92B27B
:10A0400006EAC20220F8404F224442808A8A828077
:10A05000C98AC180F0BDFFF7DBBF0021403001811C
:10A0600081884181018881814188C1814038FFF721
:10A0700090BC1CB5049C8DF805108DF806208DF859
:10A0800004300094012284686B460F21A0471CBD58
:10A0900030B484680023A44630BC1A460A216047C5
:10A0A00030B484680023A44630BC1A4610216047AF
:10A0B00030B484680023A4460A4630BC0B216047B4
:10A0C0002DE9F0410446069F0D461646204600F055
:10A0D00009F8A560E660236167612046BDE8F041AC
:10A0E00000F014B80021083040F8081C064A02604D
:10A0F00042608260C260C17681770161FF21017791
:10A1000080F820107047000075A4000830B48468FF
:10A110000023A44630BC1A4609216047084600289F
:10A1200001D00A2801D14FF6FF70704730B404699E
:10A130000023A44630BC1A461921604713B501AA72
:10A14000012100F001F81CBD30B404691346A44697
:10A150000A4630BC1721604730B404690023A44686
:10A1600030BC1A4618216047F8B5164C18290BD098
:10A1700004DC142924D0172904D108E0192913D0AC
:10A1800020291DD00020F8BD0020207018E00E4DC1
:10A1900007E0207813F8016B411C21702E54521EE9
:10A1A000D2B2002AF5D10BE04FF6FF700090237871
:10A1B000054A78210548F7F7C5F808B10020F8BD31
:10A1C0000120F8BD18010020606F0120CC0500209F
:10A1D00030B4C4680023A44630BC1A461921604735
:10A1E00030B4C4680023A4460A4630BC1621604738
:10A1F00030B4C4680023A4460A4630BC1521604729
:10A2000030B4C4681346A4460A4630BC17216047E0
:10A21000F8B505460C4614F8011B182923D00EDCAE
:10A22000152918D0162916D0172922D12078009088
:10A230006A4601212846FFF7E3FF641CEBE7192972
:10A2400011D0FE2915D1227800922921284600F04C
:10A250004EF9641CDFE722780092EE68002328465E
:10A26000B047641CD7E70023EE681A462846B0477B
:10A27000D1E7F8BD30B4C4680023A44630BC1A4608
:10A280001821604770B506461446A1F1140006284F
:10A2900034D2DFE800F02503031223233046FFF712
:10A2A0005BFF00213046FFF749FF21463046FFF7AC
:10A2B00045FF3046FFF73AFF10E01D4607E02A460B
:10A2C0001821304600F019F9183CE4B21835182C62
:10A2D000F5D82A462146304600F00FF9012070BD1E
:10A2E00096F82400FF2802D1782086F824003569EA
:10A2F00022463046AC46BDE870406047002070BD45
:10A3000070B50446002365691A4628212046A847EF
:10A310000023E5681A4614212046A84701224B2154
:10A32000204600F0E4F8206829210279204600F058
:10A33000DEF800224B21204600F0D9F820682921C0
:10A340000279204600F0D3F801224B21204600F08C
:10A35000CEF82068292142792046BDE8704000F0FF
:10A36000C6B80160897C80F8221070472DE9F04161
:10A37000054614461E460A39062968D2DFE801F070
:10A38000030B67182D3C2846FFF7BAFF31492846D2
:10A39000FFF73EFF58E02CB12E4928461339FFF74E
:10A3A00037FF51E02B4928461839FFF731FF4BE0C2
:10A3B0004CB128492846C91FFFF72AFF2868C07CEE
:10A3C00085F8220040E0234928460E39FFF720FF98
:10A3D0002868807C85F8220036E02846FFF74AFF8F
:10A3E00081212846FFF704FF21462846FFF7F8FEA3
:10A3F0002846FFF7EDFE27E02846FFF73BFF707980
:10A40000C00095F822100844C7B2102040EA171186
:10A410002846FFF7EDFE07F00F012846FFF7E8FE9C
:10A42000B07940F0B0012846FFF7E2FE307932689B
:10A43000C006010E2846FFF7E3FE641EE4B2002CBE
:10A44000F4D12846FFF7C4FE0120BDE8F0810020CA
:10A45000FBE7000020C3000810B5092903D0BDE8C0
:10A460001040FFF783BF0249FFF77BFF012010BDBB
:10A4700058C300080020704710B54D2919D00CDCD6
:10A480002B2918D004DC29291BD02A290ED114E04D
:10A490002D291AD04C2909D10BE0002250291AD0BD
:10A4A00051291BD052291CD053291DD0012180F8DD
:10A4B0002710012010BD00BFFBE70A20FCF730FD8C
:10A4C000F7E70120FCF72CFDF3E700BF00BF00BF5A
:10A4D00000BF00BFEDE780F82720EAE780F82720DB
:10A4E000E7E780F82720E4E780F82720E1E730B4A9
:10A4F00044690023A44630BC60472DE9F04104467E
:10A500000F4616462046FFF727FE40212046FFF75C
:10A5100015FE256933463A4617212046A8472046AE
:10A52000BDE8F041FFF702BE002180F82610704719
:10A530000169D0E901329A60D0E901235A604A6882
:10A54000824201D182684A60002202610868401E8E
:10A550000860086870470000034B036003F15C006B
:10A56000086080201060704740170020044B036093
:10A5700003F15C0008604FF4C050106070470000A9
:10A580009C1900207047704700F1080141604FF0AE
:10A59000FF328260C16001610021016070470021CB
:10A5A0000161704730B50C68621C02D000F10802EE
:10A5B00002E0026904E01A4653681D68A542FAD910
:10A5C00053684B6099608A60516008610168491C5A
:10A5D000016030BD42684A6093688B60936859603F
:10A5E000916008610168491C01607047502080F348
:10A5F0001188BFF34F8FBFF36F8F0A494868401C23
:10A60000486001280CD10848006810F0FF0F07D0FF
:10A61000502080F31188BFF34F8FBFF36F8FFEE799
:10A6200070470000DC00002004ED00E009494868A4
:10A63000002806D0401E4860002801D180F3118810
:10A640007047502080F31188BFF34F8FBFF36F8F97
:10A65000FEE70000DC00002070B500282AD0083892
:10A660000446154D60686969084207D1502080F39F
:10A670001188BFF34F8FBFF36F8FFEE722683AB1A7
:10A68000502080F31188BFF34F8FBFF36F8FFEE729
:10A690008843606000F0B2F96068696808446860E7
:10A6A0002046FDF765FE2869401C2861BDE8704022
:10A6B00001F09CB870BD0000BC0000204FF0E0200D
:10A6C00000210161816105494FF47A720968B1FB8B
:10A6D000F2F1491E416107210161704758000020D5
:10A6E00010B5F5F7B7FD114910280ED300F1E020A1
:10A6F00090F8F0030A78904207D2502080F3118836
:10A70000BFF34F8FBFF36F8FFEE70948006889687A
:10A7100000F4E060884207D9502080F31188BFF32D
:10A720004F8FBFF36F8FFEE710BD0000DC000020ED
:10A730000CED00E010B50022064B53F832401CB17E
:10A74000521C082AF9D310BD43F8321003EBC201A2
:10A75000486010BD2411002010B50446002C0BD019
:10A76000204600F013F894F8460000280CD120464B
:10A77000BDE81040FFF770BF502080F31188BFF391
:10A780004F8FBFF36F8FFEE710BD00000021084A16
:10A7900002EBC1035B68834206D1002042F831001E
:10A7A00002EBC10148607047491C0829F0D370478B
:10A7B0002411002070B504460D461646FFF716FF1B
:10A7C00094F944304FF000005B1C01D184F8440040
:10A7D00094F94510491C01D184F84500FFF726FF84
:10A7E000A06B28B93246294604F1240000F056F83F
:10A7F0002046BDE87040FDF789BF000010B5024655
:10A800000020002A12D00F48006B38B1502080F38E
:10A810001188BFF34F8FBFF36F8FFEE700F0EEF8A4
:10A8200000211046FDF75CFB00F0E0FF002807D197
:10A8300005494FF080500860BFF34F8FBFF36F8F13
:10A8400010BD00006800002004ED00E002490A6A23
:10A850000260C9684160704768000020014901201A
:10A86000C86170476800002010B50C4600280AD067
:10A87000094909681831FFF795FE2046BDE81040E8
:10A880000121FDF72DBB502080F31188BFF34F8FBE
:10A89000BFF36F8FFEE700006800002070B50D4623
:10A8A000144600280DD00B4909681831FFF792FEB5
:10A8B0000CB14FF0FF3521462846BDE87040FDF74A
:10A8C0000FBB502080F31188BFF34F8FBFF36F8F02
:10A8D000FEE700006800002070B50B460446002823
:10A8E0003ED0226DA2B1E16C994200D21946E06AD5
:10A8F000884235D0012A33D11A4D2A6894420FD1AB
:10A90000502080F31188BFF34F8FBFF36F8FFEE7A6
:10A91000502080F31188BFF34F8FBFF36F8FFEE796
:10A92000E162A269002A02DBC1F13801A1610E4E89
:10A9300000EB8000616906EB8000814210D1201D90
:10A94000FFF7F6FDE06A2969884200D9286100EB2B
:10A95000800006EB8000211DBDE87040FFF73ABE85
:10A9600070BD0000680000206411002030B587B081
:10A9700000250695059504AA05A906A8FFF7ECFD94
:10A98000DDE90510CDE900510290002317A1194817
:10A99000049A00F0BDFD184CE06208B1012000E00F
:10A9A0000020012801D100F0B9FF012809D0401C86
:10A9B00019D1502080F31188BFF34F8FBFF36F8FF1
:10A9C000FEE7502080F31188BFF34F8FBFF36F8FE6
:10A9D0004FF0FF30A06201206061E56007B0BDE884
:10A9E000304000F04FB807B030BD000049444C453E
:10A9F00000000000B9810008680000200248016BD7
:10AA0000491C0163704700006800002010B5174B17
:10AA1000186B002802D00120D86110BD0020D86139
:10AA20001869134901E0C0B1401E00EB800251F8E3
:10AA30002220002AF7D000EB800201EB82014A6855
:10AA400052684A6001F10804A24201D152684A608A
:10AA50004968C9681960186110BD502080F31188D9
:10AA6000BFF34F8FBFF36F8FFEE700006800002039
:10AA70006411002013B50146012301AAD420F8F780
:10AA800053FE1CBD1CB537480168374A914207D1B7
:10AA9000502080F31188BFF34F8FBFF36F8FFEE715
:10AAA00000683149491E884207D1502080F311883F
:10AAB000BFF34F8FBFF36F8FFEE72C4908780190EB
:10AAC000FF200870087800909DF800009DF8002095
:10AAD00000F0F000904207D0502080F31188BFF3BF
:10AAE0004F8FBFF36F8FFEE79DF80000204C00F002
:10AAF000500020700720A06006E0A068401EA06003
:10AB00009DF80000400000909DF800000006F4D47D
:10AB1000A068032807D0502080F31188BFF34F8F1F
:10AB2000BFF36F8FFEE74FF44070A060019808708C
:10AB30000C482030016841F470010160016841F067
:10AB400070410160FFF7BAFD00206060F5F74AFB35
:10AB50000848016841F040410160F5F72FFB0020F3
:10AB60001CBD000000ED00E071C20F4100E400E0F8
:10AB7000DC00002034EF00E010B5502080F3118895
:10AB8000BFF34F8FBFF36F8F00F00AFD18B1044978
:10AB90004FF080500860002080F3118810BD000045
:10ABA00004ED00E010B50C46002809D084420FD90E
:10ABB000502080F31188BFF34F8FBFF36F8FFEE7F4
:10ABC000502080F31188BFF34F8FBFF36F8FFEE7E4
:10ABD0000222002100F03FF8002800D0846310BD5D
:10ABE00038B50C46002809D084420FD9502080F394
:10ABF0001188BFF34F8FBFF36F8FFEE7502080F3B4
:10AC00001188BFF34F8FBFF36F8FFEE7022113460A
:10AC100000220091114600F040F8002800D0846323
:10AC200038BD10B502460021012000F014F804469A
:10AC30002046FDF7D7FA204610BD38B50B46002256
:10AC400000901146012000F028F804462046FDF748
:10AC5000C9FA204638BDF8B505460E461746002D00
:10AC600013D005FB06F05030FDF794FE044654B1B6
:10AC700022465032002084F846003B4631462846A2
:10AC80000094FDF7BBFA2046F8BD502080F31188F0
:10AC9000BFF34F8FBFF36F8FFEE738B5049D0028D9
:10ACA00004D05BB102B189B1C2B120E0502080F381
:10ACB0001188BFF34F8FBFF36F8FFEE7502080F3F3
:10ACC0001188BFF34F8FBFF36F8FFEE7502080F3E3
:10ACD0001188BFF34F8FBFF36F8FFEE739B150205C
:10ACE00080F31188BFF34F8FBFF36F8FFEE75024BF
:10ACF00000941C46012384F846302B460094FDF74F
:10AD00007DFA204638BD000070B504460D46002C83
:10AD100025D0FFF76BFCD4E90F20216802FB00115E
:10AD2000A1600021A16321686160E06B2268216C51
:10AD3000401E00FB0121E1604FF0FF3084F8440029
:10AD400084F8450004F110008DB1FFF71DFC04F1FB
:10AD50002400FFF719FCFFF769FC012070BD5020AB
:10AD600080F31188BFF34F8FBFF36F8FFEE7216928
:10AD70000029F0D000F0FEFC0028ECD004494FF090
:10AD800080500860BFF34F8FBFF36F8FE3E7000081
:10AD900004ED00E02DE9FF4782B004468A461E46D6
:10ADA0000025002C03D0BAF1000F08D011E050208C
:10ADB00080F31188BFF34F8FBFF36F8FFEE7206CD6
:10ADC00038B1502080F31188BFF34F8FBFF36F8FDE
:10ADD000FEE7022E0AD1E06B012807D0502080F355
:10ADE0001188BFF34F8FBFF36F8FFEE700F0C4FBF6
:10ADF00048B9049838B1502080F31188BFF34F8FC1
:10AE0000BFF36F8FFEE74FF000094FF08057DFF878
:10AE1000E480FFF7EBFBA06BE16B884205D3022EC9
:10AE200003D0049808B325B327E0324651462046A4
:10AE3000FDF728F9616A59B104F1240000F09AFC89
:10AE400068B1C8F80070BFF34F8FBFF36F8F06E093
:10AE500028B1C8F80070BFF34F8FBFF36F8FFFF7B3
:10AE6000E5FB012006B0BDE8F087FFF7DFFB00201F
:10AE7000F8E76846FFF7EAFC0125FFF7D7FBFFF785
:10AE8000BDFDFFF7B3FB94F94400401C01D184F8E9
:10AE9000449094F94500401C01D184F84590FFF797
:10AEA000C5FB04A9684600F0C3FA30B12046FDF79F
:10AEB0002DFC00F09BFC0020D4E72046FDF7AFFA04
:10AEC00090B104F110000499FFF7CEFC2046FDF785
:10AED0001DFC00F08BFC00289BD1C8F80070BFF36C
:10AEE0004F8FBFF36F8F94E72046FDF70FFC00F004
:10AEF0007DFC8EE704ED00E02DE9F047044689462D
:10AF000090461F46002C03D0B9F1000F08D011E085
:10AF1000502080F31188BFF34F8FBFF36F8FFEE790
:10AF2000206C38B1502080F31188BFF34F8FBFF3EE
:10AF30006F8FFEE7022F0AD1E06B012807D0502067
:10AF400080F31188BFF34F8FBFF36F8FFEE7FFF7DA
:10AF5000C7FB5020EFF3118680F31188BFF34F8FAA
:10AF6000BFF36F8FA06BE16B884206D3022F04D032
:10AF7000002086F31188BDE8F08794F94550A06B56
:10AF80003A4649462046FDF77DF8681C04D06D1C02
:10AF900084F845500120ECE7606A0028FAD004F1FB
:10AFA000240000F0E7FB0028F4D0B8F1000FF1D046
:10AFB0000120C8F80000EDE770B504460E46002CED
:10AFC00009D0206C78B1502080F31188BFF34F8FE7
:10AFD000BFF36F8FFEE7502080F31188BFF34F8FD0
:10AFE000BFF36F8FFEE7206848B9A06838B15020E2
:10AFF00080F31188BFF34F8FBFF36F8FFEE7FFF72A
:10B000006FFB5020EFF3118580F31188BFF34F8F52
:10B01000BFF36F8FA26BE06B904218D994F9450093
:10B02000521CA263411C04D0401C84F8450001203E
:10B030000EE0606A0028FAD004F1240000F09AFBC8
:10B040000028F4D0002EF2D001203060EFE700207D
:10B0500085F3118870BD10B50446002C09D000F0AE
:10B0600085FAA168884214D1E068401EE06040B1D2
:10B070000DE0502080F31188BFF34F8FBFF36F8F27
:10B08000FEE700231A4619462046FFF783FE0120FB
:10B0900010BD002010BD00002DE9F74783B0044625
:10B0A0008A460026002C03D0BAF1000F08D011E028
:10B0B000502080F31188BFF34F8FBFF36F8FFEE7EF
:10B0C000206C38B1502080F31188BFF34F8FBFF34D
:10B0D0006F8FFEE700F050FA48B9059838B150205C
:10B0E00080F31188BFF34F8FBFF36F8FFEE7002708
:10B0F0004FF08058DFF8D890FFF778FAA56BC5B10C
:10B1000051462046FCF7AAFF6D1EA563206950B189
:10B1100004F1100000F02EFB28B1C9F80080BFF345
:10B120004F8FBFF36F8FFFF781FA012006B0BDE8A4
:10B13000F087059808B126B107E0FFF777FA0020FD
:10B14000F4E701A8FFF782FB0126FFF76FFAFFF78C
:10B1500055FCFFF74BFA94F94400401C01D184F8E8
:10B16000447094F94500401C01D184F84570FFF704
:10B170005DFA05A901A800F05BF958B12046FDF77A
:10B18000C5FA00F033FB2046FDF73CF90028B3D0A8
:10B190000020CBE72046FDF735F990B104F12400FB
:10B1A0000599FFF761FB2046FDF7B0FA00F01EFBA2
:10B1B0000028A1D1C9F80080BFF34F8FBFF36F8F74
:10B1C0009AE72046FDF7A2FA00F010FB94E7000092
:10B1D00004ED00E02DE9F047044689469046002C36
:10B1E00003D0B9F1000F08D011E0502080F311888E
:10B1F000BFF34F8FBFF36F8FFEE7206C38B1502045
:10B2000080F31188BFF34F8FBFF36F8FFEE7FFF717
:10B2100067FA5020EFF3118780F31188BFF34F8F47
:10B22000BFF36F8FA66BF6B194F9445049462046A0
:10B23000FCF714FF761EA663681C04D06D1C84F80E
:10B240004450012010E020690028FAD004F11000D9
:10B2500000F090FA0028F4D0B8F1000FF1D00120EE
:10B26000C8F80000EDE7002087F31188BDE8F087FB
:10B270002DE9F34383B004460025A946002C09D0EC
:10B28000206C78B1502080F31188BFF34F8FBFF34B
:10B290006F8FFEE7502080F31188BFF34F8FBFF30D
:10B2A0006F8FFEE700F068F948B9049838B1502074
:10B2B00080F31188BFF34F8FBFF36F8FFEE7002637
:10B2C0004FF08057DFF82081FFF790F9A06BC8B1ED
:10B2D000401EA063206810B9FDF7CAFBA06020697A
:10B2E00050B104F1100000F045FA28B1C8F8007020
:10B2F000BFF34F8FBFF36F8FFFF798F9012005B0B1
:10B30000BDE8F083049808B17DB112E0B9F1000FF7
:10B3100007D0502080F31188BFF34F8FBFF36F8F9A
:10B32000FEE7FFF783F90020E9E701A8FFF78EFAAF
:10B330000125FFF77BF9FFF761FBFFF757F994F958
:10B340004400401C01D184F8446094F94500401C3D
:10B3500001D184F84560FFF769F904A901A800F05C
:10B3600067F8C8B12046FDF7D1F900F03FFA204652
:10B37000FDF748F80028A7D0B9F1000F0AD0FFF771
:10B3800035F92046FCF7D5FE0146A068FFF7A4FA80
:10B39000FFF74CF90020B2E72046FDF733F8E8B19B
:10B3A000206838B9FFF722F9A06800F0A5F98146B6
:10B3B000FFF73CF904F124000499FFF755FA204601
:10B3C000FDF7A4F900F012FA00287FF47DAFC8F869
:10B3D0000070BFF34F8FBFF36F8F75E72046FDF707
:10B3E00095F900F003FA6FE704ED00E070B504464C
:10B3F0000D46002C09D000F0B9F8A26890420CD19B
:10B40000E068401CE060012070BD502080F311888E
:10B41000BFF34F8FBFF36F8FFEE729462046FFF73C
:10B4200027FF0028F0D0E168491CE16070BD0000F2
:10B430002DE9F04105460C46002D11D0C4B1FFF7AF
:10B44000D5F8194EF0686B68C11A2268571C17D0DE
:10B450002F68366AB74215D0834213D801241DE005
:10B46000502080F31188BFF34F8FBFF36F8FFEE73B
:10B47000502080F31188BFF34F8FBFF36F8FFEE72B
:10B4800000240BE08A4206D9501A20602846FFF7B4
:10B49000DDF9002402E0002020600124FFF7C6F857
:10B4A0002046BDE8F0810000680000202DE9FF5F24
:10B4B0008146DDE90E788A4616469B46B000FDF7C8
:10B4C00069FA054628000AD05C20FDF763FA0446B5
:10B4D0000CB1256304E02846FFF7BEF800E0002425
:10B4E0009CB1002084F85900CDE90240CDE90078F4
:10B4F0005B46324651464846FCF791FE2046FCF733
:10B500001FFD012004B0BDE8F09F4FF0FF30F9E7C8
:10B51000F0B585B00746DDE90A600C9C002815D01F
:10B52000E4B15C2503952063022084F859000020D3
:10B5300004ADCDE90240CDE900653846FCF76FFE69
:10B540002046FCF7FDFC049805B0F0BD502080F3C8
:10B550001188BFF34F8FBFF36F8FFEE7502080F34A
:10B560001188BFF34F8FBFF36F8FFEE7014800686C
:10B57000704700006800002005484169002903D099
:10B58000006B18B1002070470120704702207047FF
:10B59000680000200148C068704700006800002073
:10B5A0002DE9F0410026334F386B002807D0B869E9
:10B5B000401CB861FEF7E7FF3046BDE8F081FD684A
:10B5C0006D1CFD609DB9786B006838B1502080F328
:10B5D0001188BFF34F8FBFF36F8FFEE7786BB96BA6
:10B5E0007963B863386A401C3862FDF70FF8B86AAF
:10B5F000DFF8848085420DD3786B006838B1786BB2
:10B60000C068C4686068854210D2B86202E04FF03A
:10B61000FF30B8623868C06A00EB800058F820003C
:10B62000012800D90126B869E0B11DE0201DFEF710
:10B630007FFFA06A18B104F11800FEF779FFE06AF5
:10B640003969884200D9386100EB800008EB80003E
:10B65000211DFEF7BFFFE06A3968C96A8842CBD373
:10B660000126C9E7FEF78FFFF8690028A4D001265C
:10B67000A2E70000680000206411002070B50446B5
:10B680000020002C2BD01A4D29688C4207D0502066
:10B6900080F31188BFF34F8FBFF36F8FFEE7216DEB
:10B6A000F1B1491E2165E36CE26A9A4217D0002984
:10B6B00015D1201DFEF73CFFE06CE062C0F13800C0
:10B6C000A061E06A2969884200D92861094900EB34
:10B6D000800001EB8000211DFEF77CFF012070BD82
:10B6E000502080F31188BFF34F8FBFF36F8FFEE7B9
:10B6F000680000206411002070B504460020002C72
:10B700002CD01A4DE16A2A68D26A914227D2A069E8
:10B71000002804DB2868C06AC0F13800A061E06A34
:10B72000134E00EB8000616906EB8000814211D16D
:10B73000201DFEF7FDFE2868C06AE0622969884284
:10B7400000D9286100EB800006EB8000211DFEF788
:10B7500041FF02E02868C06AE062012070BDE16C30
:10B760002A68D26A9142F9D2012070BD6800002097
:10B770006411002070B5C068C468002C14D004F1B6
:10B7800018000646FEF7D4FE154D2A6BA2B13146CD
:10B790001448FEF71FFFE06A2968C96A88421CD96D
:10B7A00001200121E96170BD502080F31188BFF3B1
:10B7B0004F8FBFF36F8FFEE7201DFEF7B9FEE06AE3
:10B7C0002969884200D92861074900EB800001EB14
:10B7D0008000211DFEF7FEFEDDE7002070BD0000A9
:10B7E00068000020EC150020641100202DE9F041D4
:10B7F000002400272B4D286B002807D0FEF7F6FE0B
:10B80000286B401E2863286B40B146E0502080F32F
:10B810001188BFF34F8FBFF36F8FFEE7A868E0B3C7
:10B82000DFF8848001261CE0D8F80C00C46804F11D
:10B830001800FEF77DFE201DFEF77AFEE06A2969FA
:10B84000884200D92861194900EB800001EB800093
:10B85000211DFEF7BFFEE06A2968C96A884200D34D
:10B86000EE61D8F800000028DED10CB1FCF7CEFE66
:10B87000AC6944B1FFF794FE00B1EE61641E002C88
:10B88000F8D10020A861E86938B1012708493807D4
:10B890000860BFF34F8FBFF36F8FFEF7C7FE3846C8
:10B8A000BDE8F08168000020EC1500206411002044
:10B8B00004ED00E02DE9FC4706460A9D0F46904640
:10B8C00099462C20FDF766F8044654B1002084F810
:10B8D0002800CDE900544B46424639463046FCF735
:10B8E000F2FC2046BDE8FC877CB50646DDE906048F
:10B8F0002C250195002C09D0022584F82850CDE98B
:10B9000000043046FCF7DFFC20467CBD502080F36D
:10B910001188BFF34F8FBFF36F8FFEE730B587B04D
:10B920000024FCF751FB134D2868B0B100200690AD
:10B93000059004AA05A906A8FEF718FEDDE9051082
:10B940000222CDE90021029000230BA10C48049AA9
:10B95000FFF7DEFD686000B1012414B107B0204696
:10B9600030BD502080F31188BFF34F8FBFF36F8F2E
:10B97000FEE70000A4000020546D7220537663009F
:10B98000F98600082DE9FF4106460A9F9C460020E3
:10B99000002E15D0154D2C68002C0ED00091019270
:10B9A000029606291BDAFFF7E7FD022810D00023D4
:10B9B0001A4669462868FFF7EDF904B0BDE8F08142
:10B9C000502080F31188BFF34F8FBFF36F8FFEE7D6
:10B9D00000233A4669462868FFF7DCF9EDE70023C3
:10B9E000624669462046FFF787FAE6E7A400002092
:10B9F00094C70008000000000000000000000000E4
:10BA00000000000000040000100000000000000022
:10BA100000000000C4C70008000000000000000093
:10BA200000000000000000000004000020000000F2
:10BA30000000000000000000E0C700080000000057
:10BA400000000000000000000000000000040000F2
:10BA5000180000000000000000000000D0C700082F
:10BA600000000000000000000000000000000000D6
:10BA700000040000180000000000000000000000AA
:10BA8000ACC700080000000000000000000000003B
:10BA90000000000070170000080000000000000017
:10BAA00000000000B8C7000800000000000000000F
:10BAB0000000000000000000000800001800000066
:10BAC0000000000000000000A0C700080000000007
:10BAD0000000000000000000000000000004000062
:10BAE00010000000000000000000000084C70008F3
:10BAF00000000000740200205000000074010020CB
:10BB00000001000070C7000800000000E4020020EF
:10BB100050000000C40200202000000010C80008EF
:10BB200000000000340300202C000000F0C70008D3
:10BB300000000000600300202C00000020C8000866
:10BB4000000000008C0300202C000000FCC700084F
:10BB500000000000B80300202C00000030C80008DE
:10BB600000000000000000000000000044C70008C2
:10BB700000000000E40300205000000050C800084E
:10BB80000000000034040020500000003CC8000801
:10BB900000000000840400205000000034C70008AA
:10BBA00000000000D40400205000000054C700082A
:10BBB0000000000000000000000000000000000085
:10BBC000000000000102030406070809000000004D
:10BBD00001020304000610160006101664C80008CF
:10BBE000000000000000000000000000BE00020293
:10BBF00003030304040707000006000600011A02FD
:10BC00005706F0200500F101210631F1192922071C
:10BC10001BF7495600230A2DF3AB86AA86AA0024F7
:10BC20000A35F11B2AEF34740425082DF1912B57A6
:10BC300053260B35F15B190E99625C0027061AF743
:10BC4000510A280732F153CD00290832F189A9524F
:10BC5000002A092DF3ADAAD58C002B0A2DF1CD2891
:10BC60000E9951042C061AF1510A2D060DF51902F0
:10BC70002E0612F119012F082DF147B91B01300AC8
:10BC800035F15B71A5A9D302310672F15B1D320A51
:10BC900035F15B39CA9CD110330A35F15B396AA89A
:10BCA000D302340B35F1CF32A5A1334A00350B3521
:10BCB000F1B9D1C830A3A100360B35F15B198D94D1
:10BCC000755A00370B35F1191AE51A651401380A4F
:10BCD00035F15B39ADACD302390B35F15B59A79126
:10BCE000515A003A0832F119198D003B0832F11906
:10BCF0005129003C072BF14D75013D081DF3191A20
:10BD00000E013E072BF1C955093F0935F15BB94DCD
:10BD10004700400B35F15B598D94543502410A358B
:10BD2000F15B598F917500420B35F119290F95F58B
:10BD30005000430B35F11B1A659451862344093595
:10BD4000F11929BB8702450B35F1B9D14819653482
:10BD500004460C35F1B9D1481965941100470B35EB
:10BD6000F11B1AA591751A01480935F1C97A8C6C35
:10BD700007490B35F11932A38C328A434A0B35F14E
:10BD8000D728A38C745A004B0A35F1C93295B3CA2F
:10BD9000014C0C35F1C928A38C32CA68084D0A350C
:10BDA000F1C96B2595B40E4E0A35F1C95325B97505
:10BDB000004F0935F15BD99D1600500B35F119295B
:10BDC000EBA132CA08510A35F15BD94A32AA0052B6
:10BDD0000A35F11929EBA1CA28530B36F11B1B6B4D
:10BDE000ACF15800540C35F11932A38C32CA280238
:10BDF000550835F1C9DE6901560D37F1C930E598AE
:10BE0000AB8C6A9801570935F1C95652E90E5809A9
:10BE100035F1C9A9AE6A1D590C35F1C9A9CE28A3BF
:10BE20008C22005A0C36F1B95146196594D1185B31
:10BE30000732F1592D015C0A2DF1C930C30C330CC6
:10BE40005D0732F151AD015E071DF7CDA90E5F060A
:10BE50000DF11902600612F98901610A2DF1DB303A
:10BE60000D9D4600620A35F1C928995A0F05630AEB
:10BE70002DF11B1A6594E108640A35F147C9DC3AD3
:10BE80008D00650A2DF15B798C0C4700660B35F14E
:10BE90005D79A88C32CA00670A2DF11B3A8D8C8619
:10BEA00002680935F1C92899DA0E6906B1F149230A
:10BEB0006A0A35F14799CE48A7056B0A34F1C95192
:10BEC0002599CA006C0672F1513D6D0A2DF1512D74
:10BED000955452056E082DF149A6B6036F082DF151
:10BEE0005BD94E0B700B2DF119290F95514600713E
:10BEF0000A2DF11B3A8D8C320A720A2DF149A646A1
:10BF0000196504730A2DF11B1A6E381400740B3571
:10BF1000F1CB43659451860375082DF1C94EA502F6
:10BF2000760A2DF1C93A9529470077092DF1C956AE
:10BF3000525D0078092DF1C9A9AEEA00790A2DF108
:10BF4000C93A8D8C86027A082DF119BA3D047B0816
:10BF500033F14D75CC017C0571F1397D0833F1C9A0
:10BF6000554C117E081DF3CBA94E00A10631F149B5
:10BF700023A20B35F1CD43C594478C00A30A35F1BC
:10BF80009519CD8CF210A40A74F189494599540C85
:10BF9000A50A35F1C9A9CE3BA308A60631F1910245
:10BFA000A70B36F11B1B8F38321E0BA8060BFB4963
:10BFB00001A90B3DF1B9D2D850C9A804AA082BF3A6
:10BFC00099438D00AB071DF38BB201AC081DF1192D
:10BFD0001A6514AD050BF519AE0735F1EBFF07AF88
:10BFE000060DFB1902B0071BF7196904B10825F308
:10BFF0008D43C621B2072BF3D1690EB3072BF3D1C2
:10C000001700B40612F95300B5092DF1C9E6501A0C
:10C0100001B60C35F11B2AA94AC5145300B705090E
:10C02000F709B80613F15D00B9062AF35B0DBA07EC
:10C030002BF3ABAC0ABB081DF389A54C00BC09343B
:10C04000F1AFC6A11400BD0934F1AF46944901BE59
:10C050000A36F1CF30CFAEA401BF0835F1CD74D789
:10C0600002C00A3DF1D9E4CA63641DC10A3DF1DD95
:10C0700078E531B20EC20B3DF1CD29AE3C46D6017A
:10C08000C30A3DF1EB5E798CAC03C40A3DF1ABA968
:10C0900095C7C83AC50B3DF15B39AD3C46D601C6E4
:10C0A0000B35F11B2AA638564C03C70B35F11B1A6A
:10C0B0006538729400C80C3DF1D9D4D868A48C8638
:10C0C00000C90B3DF1DD706C34524643CA0C3DF1A2
:10C0D000CD298D8D46CA6808CB0C3DF1ABF1D868EF
:10C0E000A48C8600CC0C3DF1D9D49019651487003E
:10C0F000CD0B3DF1DD70C88C328A43CE0C3DF1CDC5
:10C10000290D9951467108CF0C3DF1ABF19019659D
:10C11000148700D00B35F119298FA4F55000D10AEE
:10C120003DF1EBCC5325B903D20A3DF1D9E4CA76EF
:10C130005A00D30A3DF1DD78653B2D00D40A3DF16C
:10C14000CD29AE6CA705D5093DF1EB5ED94E0BD6D6
:10C150000A3DF1ABA995EDB400D7092DF1C9A9AEFF
:10C16000EA00D80A35F15B59AE34D302D9093DF162
:10C17000D95476A705DA093DF1DD30BBD302DB09DE
:10C180003DF1CDA976A705DC093DF1AB7176A70598
:10C19000DD0C3DF1DD30A73AA38C2200DE0B35F13A
:10C1A000C968A4AC87CA08DF0A35F19371C52A2B88
:10C1B00005E00B3DF1D9E48669E83402E10B3DF17D
:10C1C000DD78C334741A01E20B3DF1CD296E9886F7
:10C1D0004E23E30B3DF1EBDE300D9D4600E40B3DBD
:10C1E000F1ABA90DD3D06904E50B3DF15B396D9836
:10C1F000864E23E6092DF1AB535A7512E70B35F144
:10C200001B1A6538729400E80B3DF1D9E4CA6364E7
:10C210003802E90B3DF1DD78E531321C01EA0B3DD6
:10C22000F1CD29AE3C468623EB0B3DF1ABA995C77A
:10C23000C87004EC073BF1D96407ED08BBF1D938AD
:10C240003601EE087BF16BA3D802EF097BF1499927
:10C250008A2D00F00A35F1DD280DADD302F1093D3C
:10C26000F1EB4CA6B603F20A3DF1D9E4CA765A00C6
:10C27000F30A3DF1DD78653B2D00F40A3DF1CD294F
:10C28000AE6CA705F5093DF1EB5ED94E0BF60A3D04
:10C29000F1ABA995EDB400F7092DF1CDD4D054043C
:10C2A000F80A2DF15B71A5991600F9093DF1D954F1
:10C2B000762A15FA093DF1DD303B950AFB093DF17F
:10C2C000CDA9762A15FC093DF1AB71762A15FD0B37
:10C2D0003DF1DD30EB34321A0AFE0C35F1C968A4A9
:10C2E0003C54461901FF0C3DF1AB71D6696434141E
:10C2F0000000000004FFFF000000000057A000083D
:10C300005BA000084F9A00081815AF19FF1815AE6A
:10C3100019FF1815A115C819FF1815A015C019FF88
:10C320001815AE15D5168015A8161F15D3160015AD
:10C3300040158D16141520160015A115C815DA160E
:10C34000021581168F15D916F115DB1640152E151D
:10C35000A415A619FF0000000001140A646432321B
:10C3600000127A00000428961004000080002000CB
:10C370000001140A6464323200127A000004289624
:10C3800010047D7D800020001815AE15D51691157E
:10C39000A8161F15D31610154015AD168B1533159D
:10C3A000A115C815DA1612158116AF15D9161F1565
:10C3B000DB162515A415A619FF0000000001140ABC
:10C3C0006464323200093D00000428961004020221
:10C3D0008000200000C1814001C0804101C0804137
:10C3E00000C1814001C0804100C1814000C1814045
:10C3F00001C0804101C0804100C1814000C1814035
:10C4000001C0804100C1814001C0804101C0804124
:10C4100000C1814001C0804100C1814000C1814014
:10C4200001C0804100C1814001C0804101C0804104
:10C4300000C1814000C1814001C0804101C08041F4
:10C4400000C1814001C0804100C1814000C18140E4
:10C4500001C0804101C0804100C1814000C18140D4
:10C4600001C0804100C1814001C0804101C08041C4
:10C4700000C1814000C1814001C0804101C08041B4
:10C4800000C1814001C0804100C1814000C18140A4
:10C4900001C0804100C1814001C0804101C0804194
:10C4A00000C1814001C0804100C1814000C1814084
:10C4B00001C0804101C0804100C1814000C1814074
:10C4C00001C0804100C1814001C0804101C0804164
:10C4D00000C1814000C0C101C30302C2C60607C734
:10C4E00005C5C404CC0C0DCD0FCFCE0E0ACACB0BA4
:10C4F000C90908C8D81819D91BDBDA1A1EDEDF1FD4
:10C50000DD1D1CDC14D4D515D71716D6D21213D3C3
:10C5100011D1D010F03031F133F3F23236F6F73773
:10C52000F53534F43CFCFD3DFF3F3EFEFA3A3BFB63
:10C5300039F9F83828E8E929EB2B2AEAEE2E2FEF13
:10C540002DEDEC2CE42425E527E7E62622E2E32383
:10C55000E12120E0A06061A163A3A26266A6A767B3
:10C56000A56564A46CACAD6DAF6F6EAEAA6A6BAB23
:10C5700069A9A86878B8B979BB7B7ABABE7E7FBF53
:10C580007DBDBC7CB47475B577B7B67672B2B37343
:10C59000B17170B0509091519353529296565797F3
:10C5A000559594549C5C5D9D5F9F9E5E5A9A9B5BE3
:10C5B00099595898884849894B8B8A4A4E8E8F4F93
:10C5C0008D4D4C8C44848545874746868242438303
:10C5D00041818040005EBCE2613FDD83C29C7E20E1
:10C5E000A3FD1F419DC3217FFCA2401E5F01E3BD4F
:10C5F0003E6082DC237D9FC1421CFEA0E1BF5D0343
:10C6000080DE3C62BEE0025CDF81633D7C22C09E36
:10C610001D43A1FF4618FAA427799BC584DA386622
:10C62000E5BB5907DB856739BAE406581947A5FB0E
:10C630007826C49A653BD987045AB8E6A7F91B4502
:10C64000C6987A24F8A6441A99C7257B3A6486D8F6
:10C650005B05E7B98CD2306EEDB3510F4E10F2ACE2
:10C660002F7193CD114FADF3702ECC92D38D6F31CE
:10C67000B2EC0E50AFF1134DCE90722C6D33D18FC2
:10C680000C52B0EE326C8ED0530DEFB1F0AE4C12B6
:10C6900091CF2D73CA947628ABF517490856B4EAA2
:10C6A0006937D58B5709EBB536688AD495CB29778E
:10C6B000F4AA4816E9B7550B88D6346A2B7597C982
:10C6C0004A14F6A8742AC896154BA9F7B6E80A5476
:10C6D000D7896B3570C8000800000000000000001A
:10C6E00000000000000000000000000080C80008FA
:10C6F000000000000000000000000000000000003A
:10C700000000000090C800080000000000000000C9
:10C71000000000000000000000000000A0C80008A9
:10C720000000000000000000000000000000000009
:10C73000000000007370695F74785F66696E6973EA
:10C74000686564007061636B65745F74785F6964C9
:10C750006C65000073657269616C5F736572766FFA
:10C760005F72785F636F6D706C65746500000000C8
:10C770006D6F76696E675F6374726C5F71756575F6
:10C78000650000007061636B65745F74785F71753C
:10C790006575650064656661756C745461736B00E2
:10C7A0006F6C65645F7461736B0000006775695F2F
:10C7B0007461736B000000006170705F7461736B73
:10C7C00000000000696D755F7461736B000000000C
:10C7D0007061636B65745F72785F7461736B000086
:10C7E0007061636B65745F74785F7461736B000074
:10C7F0006C65645F74696D657200000062617474D9
:10C800006572795F636865636B5F74696D657200FB
:10C81000627574746F6E5F74696D657200000000FC
:10C8200062757A7A65725F74696D657200000000E6
:10C830006F6C65645F6D7574657800006D7075363A
:10C840003035305F646174615F72656164790000E6
:10C850007061636B65745F72785F6E6F745F656D36
:10C86000707479006C776D656D5F6D7574657800B7
:10C870006C6564315F6374726C5F717571756500AE
:10C880006C6564325F6374726C5F7175717565009D
:10C890006C6564335F6374726C5F7175717565008C
:10C8A00062757A7A6572315F6374726C5F717571EB
:10C8B00075650000D4C80008000000207401000065
:10C8C000BC03000804C90008740100207C74010046
:10C8D0007455000801591324F43201027F101AAA7A
:10C8E00001011B199F120113D0D61220A298853C7A
:10C8F0006F0120031A9C189D2D2D2D2E04091F1841
:04C9000081000000B2
:040000050800018965
:00000001FF
